LINEAGE	WHO_LABEL	CONTRIBUTING_LINEAGES	COLOR	variant_category
B.1.1.7	Alpha	B.1.1.7		VOC
B.1.1.7	Alpha	Q.1		VOC
B.1.1.7	Alpha	Q.2		VOC
B.1.1.7	Alpha	Q.3		VOC
B.1.1.7	Alpha	Q.4		VOC
B.1.1.7	Alpha	Q.5		VOC
B.1.1.7	Alpha	Q.6		VOC
B.1.1.7	Alpha	Q.7		VOC
B.1.1.7	Alpha	Q.8		VOC
B.1.351	Beta	B.1.351		VOC
B.1.351	Beta	B.1.351.1		VOC
B.1.351	Beta	B.1.351.2		VOC
B.1.351	Beta	B.1.351.3		VOC
B.1.351	Beta	B.1.351.5		VOC
B.1.617.2	Delta	AY.1		VOC
B.1.617.2	Delta	AY.10		VOC
B.1.617.2	Delta	AY.100		VOC
B.1.617.2	Delta	AY.101		VOC
B.1.617.2	Delta	AY.102		VOC
B.1.617.2	Delta	AY.102.1		VOC
B.1.617.2	Delta	AY.102.2		VOC
B.1.617.2	Delta	AY.103		VOC
B.1.617.2	Delta	AY.103.1		VOC
B.1.617.2	Delta	AY.103.2		VOC
B.1.617.2	Delta	AY.104		VOC
B.1.617.2	Delta	AY.105		VOC
B.1.617.2	Delta	AY.106		VOC
B.1.617.2	Delta	AY.107		VOC
B.1.617.2	Delta	AY.108		VOC
B.1.617.2	Delta	AY.109		VOC
B.1.617.2	Delta	AY.11		VOC
B.1.617.2	Delta	AY.110		VOC
B.1.617.2	Delta	AY.111		VOC
B.1.617.2	Delta	AY.112		VOC
B.1.617.2	Delta	AY.112.1		VOC
B.1.617.2	Delta	AY.112.2		VOC
B.1.617.2	Delta	AY.112.3		VOC
B.1.617.2	Delta	AY.113		VOC
B.1.617.2	Delta	AY.114		VOC
B.1.617.2	Delta	AY.116		VOC
B.1.617.2	Delta	AY.116.1		VOC
B.1.617.2	Delta	AY.117		VOC
B.1.617.2	Delta	AY.118		VOC
B.1.617.2	Delta	AY.119		VOC
B.1.617.2	Delta	AY.119.1		VOC
B.1.617.2	Delta	AY.119.2		VOC
B.1.617.2	Delta	AY.120		VOC
B.1.617.2	Delta	AY.120.1		VOC
B.1.617.2	Delta	AY.120.2		VOC
B.1.617.2	Delta	AY.120.2.1		VOC
B.1.617.2	Delta	AY.121		VOC
B.1.617.2	Delta	AY.121.1		VOC
B.1.617.2	Delta	AY.122		VOC
B.1.617.2	Delta	AY.122.1		VOC
B.1.617.2	Delta	AY.122.2		VOC
B.1.617.2	Delta	AY.122.3		VOC
B.1.617.2	Delta	AY.122.4		VOC
B.1.617.2	Delta	AY.122.5		VOC
B.1.617.2	Delta	AY.122.6		VOC
B.1.617.2	Delta	AY.123		VOC
B.1.617.2	Delta	AY.123.1		VOC
B.1.617.2	Delta	AY.124		VOC
B.1.617.2	Delta	AY.124.1		VOC
B.1.617.2	Delta	AY.124.1.1		VOC
B.1.617.2	Delta	AY.125		VOC
B.1.617.2	Delta	AY.125.1		VOC
B.1.617.2	Delta	AY.126		VOC
B.1.617.2	Delta	AY.127		VOC
B.1.617.2	Delta	AY.127.1		VOC
B.1.617.2	Delta	AY.127.2		VOC
B.1.617.2	Delta	AY.127.3		VOC
B.1.617.2	Delta	AY.128		VOC
B.1.617.2	Delta	AY.129		VOC
B.1.617.2	Delta	AY.13		VOC
B.1.617.2	Delta	AY.130		VOC
B.1.617.2	Delta	AY.131		VOC
B.1.617.2	Delta	AY.132		VOC
B.1.617.2	Delta	AY.133		VOC
B.1.617.2	Delta	AY.134		VOC
B.1.617.2	Delta	AY.14		VOC
B.1.617.2	Delta	AY.15		VOC
B.1.617.2	Delta	AY.16		VOC
B.1.617.2	Delta	AY.16.1		VOC
B.1.617.2	Delta	AY.17		VOC
B.1.617.2	Delta	AY.18		VOC
B.1.617.2	Delta	AY.19		VOC
B.1.617.2	Delta	AY.2		VOC
B.1.617.2	Delta	AY.20		VOC
B.1.617.2	Delta	AY.20.1		VOC
B.1.617.2	Delta	AY.21		VOC
B.1.617.2	Delta	AY.22		VOC
B.1.617.2	Delta	AY.23		VOC
B.1.617.2	Delta	AY.23.1		VOC
B.1.617.2	Delta	AY.23.2		VOC
B.1.617.2	Delta	AY.24		VOC
B.1.617.2	Delta	AY.24.1		VOC
B.1.617.2	Delta	AY.25		VOC
B.1.617.2	Delta	AY.25.1		VOC
B.1.617.2	Delta	AY.25.1.1		VOC
B.1.617.2	Delta	AY.25.1.2		VOC
B.1.617.2	Delta	AY.25.2		VOC
B.1.617.2	Delta	AY.25.3		VOC
B.1.617.2	Delta	AY.26		VOC
B.1.617.2	Delta	AY.26.1		VOC
B.1.617.2	Delta	AY.27		VOC
B.1.617.2	Delta	AY.28		VOC
B.1.617.2	Delta	AY.29		VOC
B.1.617.2	Delta	AY.29.1		VOC
B.1.617.2	Delta	AY.29.2		VOC
B.1.617.2	Delta	AY.3		VOC
B.1.617.2	Delta	AY.3.1		VOC
B.1.617.2	Delta	AY.3.2		VOC
B.1.617.2	Delta	AY.3.3		VOC
B.1.617.2	Delta	AY.3.4		VOC
B.1.617.2	Delta	AY.30		VOC
B.1.617.2	Delta	AY.31		VOC
B.1.617.2	Delta	AY.32		VOC
B.1.617.2	Delta	AY.33		VOC
B.1.617.2	Delta	AY.33.1		VOC
B.1.617.2	Delta	AY.33.2		VOC
B.1.617.2	Delta	AY.34		VOC
B.1.617.2	Delta	AY.34.1		VOC
B.1.617.2	Delta	AY.34.1.1		VOC
B.1.617.2	Delta	AY.34.2		VOC
B.1.617.2	Delta	AY.35		VOC
B.1.617.2	Delta	AY.36		VOC
B.1.617.2	Delta	AY.36.1		VOC
B.1.617.2	Delta	AY.37		VOC
B.1.617.2	Delta	AY.38		VOC
B.1.617.2	Delta	AY.39		VOC
B.1.617.2	Delta	AY.39.1		VOC
B.1.617.2	Delta	AY.39.1.1		VOC
B.1.617.2	Delta	AY.39.1.2		VOC
B.1.617.2	Delta	AY.39.1.3		VOC
B.1.617.2	Delta	AY.39.1.4		VOC
B.1.617.2	Delta	AY.39.2		VOC
B.1.617.2	Delta	AY.39.3		VOC
B.1.617.2	Delta	AY.4		VOC
B.1.617.2	Delta	AY.4.1		VOC
B.1.617.2	Delta	AY.4.10		VOC
B.1.617.2	Delta	AY.4.11		VOC
B.1.617.2	Delta	AY.4.12		VOC
B.1.617.2	Delta	AY.4.13		VOC
B.1.617.2	Delta	AY.4.14		VOC
B.1.617.2	Delta	AY.4.15		VOC
B.1.617.2	Delta	AY.4.16		VOC
B.1.617.2	Delta	AY.4.17		VOC
B.1.617.2	Delta	AY.4.2		VOC
B.1.617.2	Delta	AY.4.2.1		VOC
B.1.617.2	Delta	AY.4.2.2		VOC
B.1.617.2	Delta	AY.4.2.3		VOC
B.1.617.2	Delta	AY.4.2.4		VOC
B.1.617.2	Delta	AY.4.2.5		VOC
B.1.617.2	Delta	AY.4.3		VOC
B.1.617.2	Delta	AY.4.4		VOC
B.1.617.2	Delta	AY.4.5		VOC
B.1.617.2	Delta	AY.4.6		VOC
B.1.617.2	Delta	AY.4.7		VOC
B.1.617.2	Delta	AY.4.8		VOC
B.1.617.2	Delta	AY.4.9		VOC
B.1.617.2	Delta	AY.40		VOC
B.1.617.2	Delta	AY.41		VOC
B.1.617.2	Delta	AY.42		VOC
B.1.617.2	Delta	AY.42.1		VOC
B.1.617.2	Delta	AY.43		VOC
B.1.617.2	Delta	AY.43.1		VOC
B.1.617.2	Delta	AY.43.2		VOC
B.1.617.2	Delta	AY.43.3		VOC
B.1.617.2	Delta	AY.43.4		VOC
B.1.617.2	Delta	AY.43.5		VOC
B.1.617.2	Delta	AY.43.6		VOC
B.1.617.2	Delta	AY.43.7		VOC
B.1.617.2	Delta	AY.43.8		VOC
B.1.617.2	Delta	AY.43.9		VOC
B.1.617.2	Delta	AY.44		VOC
B.1.617.2	Delta	AY.45		VOC
B.1.617.2	Delta	AY.46		VOC
B.1.617.2	Delta	AY.46.1		VOC
B.1.617.2	Delta	AY.46.2		VOC
B.1.617.2	Delta	AY.46.3		VOC
B.1.617.2	Delta	AY.46.4		VOC
B.1.617.2	Delta	AY.46.5		VOC
B.1.617.2	Delta	AY.46.6		VOC
B.1.617.2	Delta	AY.46.6.1		VOC
B.1.617.2	Delta	AY.47		VOC
B.1.617.2	Delta	AY.48		VOC
B.1.617.2	Delta	AY.49		VOC
B.1.617.2	Delta	AY.5		VOC
B.1.617.2	Delta	AY.5.1		VOC
B.1.617.2	Delta	AY.5.2		VOC
B.1.617.2	Delta	AY.5.3		VOC
B.1.617.2	Delta	AY.5.4		VOC
B.1.617.2	Delta	AY.5.5		VOC
B.1.617.2	Delta	AY.5.6		VOC
B.1.617.2	Delta	AY.5.7		VOC
B.1.617.2	Delta	AY.50		VOC
B.1.617.2	Delta	AY.51		VOC
B.1.617.2	Delta	AY.52		VOC
B.1.617.2	Delta	AY.53		VOC
B.1.617.2	Delta	AY.54		VOC
B.1.617.2	Delta	AY.55		VOC
B.1.617.2	Delta	AY.56		VOC
B.1.617.2	Delta	AY.57		VOC
B.1.617.2	Delta	AY.58		VOC
B.1.617.2	Delta	AY.59		VOC
B.1.617.2	Delta	AY.6		VOC
B.1.617.2	Delta	AY.60		VOC
B.1.617.2	Delta	AY.61		VOC
B.1.617.2	Delta	AY.62		VOC
B.1.617.2	Delta	AY.63		VOC
B.1.617.2	Delta	AY.64		VOC
B.1.617.2	Delta	AY.65		VOC
B.1.617.2	Delta	AY.66		VOC
B.1.617.2	Delta	AY.67		VOC
B.1.617.2	Delta	AY.68		VOC
B.1.617.2	Delta	AY.69		VOC
B.1.617.2	Delta	AY.7		VOC
B.1.617.2	Delta	AY.7.1		VOC
B.1.617.2	Delta	AY.7.2		VOC
B.1.617.2	Delta	AY.70		VOC
B.1.617.2	Delta	AY.71		VOC
B.1.617.2	Delta	AY.72		VOC
B.1.617.2	Delta	AY.73		VOC
B.1.617.2	Delta	AY.74		VOC
B.1.617.2	Delta	AY.75		VOC
B.1.617.2	Delta	AY.75.2		VOC
B.1.617.2	Delta	AY.75.3		VOC
B.1.617.2	Delta	AY.76		VOC
B.1.617.2	Delta	AY.77		VOC
B.1.617.2	Delta	AY.78		VOC
B.1.617.2	Delta	AY.79		VOC
B.1.617.2	Delta	AY.8		VOC
B.1.617.2	Delta	AY.80		VOC
B.1.617.2	Delta	AY.81		VOC
B.1.617.2	Delta	AY.82		VOC
B.1.617.2	Delta	AY.83		VOC
B.1.617.2	Delta	AY.84		VOC
B.1.617.2	Delta	AY.85		VOC
B.1.617.2	Delta	AY.86		VOC
B.1.617.2	Delta	AY.87		VOC
B.1.617.2	Delta	AY.88		VOC
B.1.617.2	Delta	AY.9		VOC
B.1.617.2	Delta	AY.9.2		VOC
B.1.617.2	Delta	AY.9.2.1		VOC
B.1.617.2	Delta	AY.9.2.2		VOC
B.1.617.2	Delta	AY.90		VOC
B.1.617.2	Delta	AY.91		VOC
B.1.617.2	Delta	AY.91.1		VOC
B.1.617.2	Delta	AY.92		VOC
B.1.617.2	Delta	AY.93		VOC
B.1.617.2	Delta	AY.94		VOC
B.1.617.2	Delta	AY.95		VOC
B.1.617.2	Delta	AY.98		VOC
B.1.617.2	Delta	AY.98.1		VOC
B.1.617.2	Delta	AY.98.1.1		VOC
B.1.617.2	Delta	AY.99		VOC
B.1.617.2	Delta	AY.99.1		VOC
B.1.617.2	Delta	AY.99.2		VOC
B.1.617.2	Delta	B.1.617.2		VOC
P.1	Gamma	P.1		VOC
P.1	Gamma	P.1.1		VOC
P.1	Gamma	P.1.10		VOC
P.1	Gamma	P.1.10.1		VOC
P.1	Gamma	P.1.10.2		VOC
P.1	Gamma	P.1.11		VOC
P.1	Gamma	P.1.12		VOC
P.1	Gamma	P.1.12.1		VOC
P.1	Gamma	P.1.13		VOC
P.1	Gamma	P.1.14		VOC
P.1	Gamma	P.1.15		VOC
P.1	Gamma	P.1.16		VOC
P.1	Gamma	P.1.17		VOC
P.1	Gamma	P.1.17.1		VOC
P.1	Gamma	P.1.2		VOC
P.1	Gamma	P.1.3		VOC
P.1	Gamma	P.1.4		VOC
P.1	Gamma	P.1.5		VOC
P.1	Gamma	P.1.6		VOC
P.1	Gamma	P.1.7		VOC
P.1	Gamma	P.1.7.1		VOC
P.1	Gamma	P.1.8		VOC
P.1	Gamma	P.1.9		VOC
BA.1	Omikron	BA.1		VOC
BA.1	Omikron	BA.1.1		VOC
BA.1	Omikron	BA.1.1.1		VOC
BA.1	Omikron	BA.1.1.10		VOC
BA.1	Omikron	BA.1.1.11		VOC
BA.1	Omikron	BA.1.1.12		VOC
BA.1	Omikron	BA.1.1.13		VOC
BA.1	Omikron	BA.1.1.14		VOC
BA.1	Omikron	BA.1.1.15		VOC
BA.1	Omikron	BA.1.1.16		VOC
BA.1	Omikron	BA.1.1.17		VOC
BA.1	Omikron	BA.1.1.18		VOC
BA.1	Omikron	BA.1.1.2		VOC
BA.1	Omikron	BA.1.1.3		VOC
BA.1	Omikron	BA.1.1.4		VOC
BA.1	Omikron	BA.1.1.5		VOC
BA.1	Omikron	BA.1.1.6		VOC
BA.1	Omikron	BA.1.1.7		VOC
BA.1	Omikron	BA.1.1.8		VOC
BA.1	Omikron	BA.1.1.9		VOC
BA.1	Omikron	BA.1.10		VOC
BA.1	Omikron	BA.1.12		VOC
BA.1	Omikron	BA.1.13		VOC
BA.1	Omikron	BA.1.13.1		VOC
BA.1	Omikron	BA.1.14		VOC
BA.1	Omikron	BA.1.14.1		VOC
BA.1	Omikron	BA.1.14.2		VOC
BA.1	Omikron	BA.1.15		VOC
BA.1	Omikron	BA.1.15.1		VOC
BA.1	Omikron	BA.1.15.2		VOC
BA.1	Omikron	BA.1.15.3		VOC
BA.1	Omikron	BA.1.16		VOC
BA.1	Omikron	BA.1.16.1		VOC
BA.1	Omikron	BA.1.16.2		VOC
BA.1	Omikron	BA.1.17		VOC
BA.1	Omikron	BA.1.17.1		VOC
BA.1	Omikron	BA.1.17.2		VOC
BA.1	Omikron	BA.1.18		VOC
BA.1	Omikron	BA.1.19		VOC
BA.1	Omikron	BA.1.2		VOC
BA.1	Omikron	BA.1.20		VOC
BA.1	Omikron	BA.1.21		VOC
BA.1	Omikron	BA.1.21.1		VOC
BA.1	Omikron	BA.1.22		VOC
BA.1	Omikron	BA.1.23		VOC
BA.1	Omikron	BA.1.24		VOC
BA.1	Omikron	BA.1.3		VOC
BA.1	Omikron	BA.1.4		VOC
BA.1	Omikron	BA.1.5		VOC
BA.1	Omikron	BA.1.6		VOC
BA.1	Omikron	BA.1.7		VOC
BA.1	Omikron	BA.1.8		VOC
BA.1	Omikron	BA.1.9		VOC
BA.1	Omikron	BC.1		VOC
BA.1	Omikron	BC.2		VOC
BA.1	Omikron	BD.1		VOC
BA.2	Omikron	BA.2		VOC
BA.2	Omikron	BA.2.1		VOC
BA.2	Omikron	BA.2.10		VOC
BA.2	Omikron	BA.2.10.1		VOC
BA.2	Omikron	BA.2.10.2		VOC
BA.2	Omikron	BA.2.10.3		VOC
BA.2	Omikron	BA.2.10.4		VOC
BA.2	Omikron	BA.2.11		VOC
BA.2	Omikron	BA.2.12		VOC
BA.2	Omikron	BA.2.12.1		VOC
BA.2	Omikron	BA.2.12.2		VOC
BA.2	Omikron	BA.2.13		VOC
BA.2	Omikron	BA.2.13.1		VOC
BA.2	Omikron	BA.2.14		VOC
BA.2	Omikron	BA.2.15		VOC
BA.2	Omikron	BA.2.16		VOC
BA.2	Omikron	BA.2.17		VOC
BA.2	Omikron	BA.2.18		VOC
BA.2	Omikron	BA.2.19		VOC
BA.2	Omikron	BA.2.2		VOC
BA.2	Omikron	BA.2.2.1		VOC
BA.2	Omikron	BA.2.20		VOC
BA.2	Omikron	BA.2.21		VOC
BA.2	Omikron	BA.2.22		VOC
BA.2	Omikron	BA.2.23		VOC
BA.2	Omikron	BA.2.23.1		VOC
BA.2	Omikron	BA.2.24		VOC
BA.2	Omikron	BA.2.25		VOC
BA.2	Omikron	BA.2.25.1		VOC
BA.2	Omikron	BA.2.26		VOC
BA.2	Omikron	BA.2.27		VOC
BA.2	Omikron	BA.2.28		VOC
BA.2	Omikron	BA.2.29		VOC
BA.2	Omikron	BA.2.3		VOC
BA.2	Omikron	BA.2.3.1		VOC
BA.2	Omikron	BA.2.3.10		VOC
BA.2	Omikron	BA.2.3.11		VOC
BA.2	Omikron	BA.2.3.12		VOC
BA.2	Omikron	BA.2.3.13		VOC
BA.2	Omikron	BA.2.3.14		VOC
BA.2	Omikron	BA.2.3.15		VOC
BA.2	Omikron	BA.2.3.16		VOC
BA.2	Omikron	BA.2.3.17		VOC
BA.2	Omikron	BA.2.3.18		VOC
BA.2	Omikron	BA.2.3.19		VOC
BA.2	Omikron	BA.2.3.2		VOC
BA.2	Omikron	BA.2.3.20		VOC
BA.2	Omikron	BA.2.3.21		VOC
BA.2	Omikron	BA.2.3.22		VOC
BA.2	Omikron	BA.2.3.4		VOC
BA.2	Omikron	BA.2.3.5		VOC
BA.2	Omikron	BA.2.3.6		VOC
BA.2	Omikron	BA.2.3.7		VOC
BA.2	Omikron	BA.2.3.8		VOC
BA.2	Omikron	BA.2.3.9		VOC
BA.2	Omikron	BA.2.30		VOC
BA.2	Omikron	BA.2.31		VOC
BA.2	Omikron	BA.2.31.1		VOC
BA.2	Omikron	BA.2.32		VOC
BA.2	Omikron	BA.2.33		VOC
BA.2	Omikron	BA.2.34		VOC
BA.2	Omikron	BA.2.35		VOC
BA.2	Omikron	BA.2.36		VOC
BA.2	Omikron	BA.2.37		VOC
BA.2	Omikron	BA.2.38		VOC
BA.2	Omikron	BA.2.38.1		VOC
BA.2	Omikron	BA.2.38.2		VOC
BA.2	Omikron	BA.2.38.3		VOC
BA.2	Omikron	BA.2.38.4		VOC
BA.2	Omikron	BA.2.39		VOC
BA.2	Omikron	BA.2.4		VOC
BA.2	Omikron	BA.2.40		VOC
BA.2	Omikron	BA.2.40.1		VOC
BA.2	Omikron	BA.2.41		VOC
BA.2	Omikron	BA.2.42		VOC
BA.2	Omikron	BA.2.43		VOC
BA.2	Omikron	BA.2.44		VOC
BA.2	Omikron	BA.2.45		VOC
BA.2	Omikron	BA.2.46		VOC
BA.2	Omikron	BA.2.47		VOC
BA.2	Omikron	BA.2.48		VOC
BA.2	Omikron	BA.2.49		VOC
BA.2	Omikron	BA.2.5		VOC
BA.2	Omikron	BA.2.50		VOC
BA.2	Omikron	BA.2.51		VOC
BA.2	Omikron	BA.2.52		VOC
BA.2	Omikron	BA.2.53		VOC
BA.2	Omikron	BA.2.54		VOC
BA.2	Omikron	BA.2.55		VOC
BA.2	Omikron	BA.2.56		VOC
BA.2	Omikron	BA.2.56.1		VOC
BA.2	Omikron	BA.2.57		VOC
BA.2	Omikron	BA.2.58		VOC
BA.2	Omikron	BA.2.59		VOC
BA.2	Omikron	BA.2.6		VOC
BA.2	Omikron	BA.2.60		VOC
BA.2	Omikron	BA.2.61		VOC
BA.2	Omikron	BA.2.62		VOC
BA.2	Omikron	BA.2.63		VOC
BA.2	Omikron	BA.2.64		VOC
BA.2	Omikron	BA.2.65		VOC
BA.2	Omikron	BA.2.66		VOC
BA.2	Omikron	BA.2.67		VOC
BA.2	Omikron	BA.2.68		VOC
BA.2	Omikron	BA.2.69		VOC
BA.2	Omikron	BA.2.7		VOC
BA.2	Omikron	BA.2.70		VOC
BA.2	Omikron	BA.2.71		VOC
BA.2	Omikron	BA.2.72		VOC
BA.2	Omikron	BA.2.73		VOC
BA.2	Omikron	BA.2.74		VOC
BA.2	Omikron	BA.2.75		VOC
BA.2	Omikron	BA.2.75.1		VOC
BA.2	Omikron	BA.2.75.10		VOC
BA.2	Omikron	BA.2.75.2		VOC
BA.2	Omikron	BA.2.75.3		VOC
BA.2	Omikron	BA.2.75.4		VOC
BA.2	Omikron	BA.2.75.5		VOC
BA.2	Omikron	BA.2.75.6		VOC
BA.2	Omikron	BA.2.75.7		VOC
BA.2	Omikron	BA.2.75.8		VOC
BA.2	Omikron	BA.2.75.9		VOC
BA.2	Omikron	BA.2.76		VOC
BA.2	Omikron	BA.2.76.1		VOC
BA.2	Omikron	BA.2.76.2		VOC
BA.2	Omikron	BA.2.77		VOC
BA.2	Omikron	BA.2.78		VOC
BA.2	Omikron	BA.2.79		VOC
BA.2	Omikron	BA.2.79.1		VOC
BA.2	Omikron	BA.2.8		VOC
BA.2	Omikron	BA.2.80		VOC
BA.2	Omikron	BA.2.81		VOC
BA.2	Omikron	BA.2.82		VOC
BA.2	Omikron	BA.2.83		VOC
BA.2	Omikron	BA.2.85		VOC
BA.2	Omikron	BA.2.86		VOC
BA.2	Omikron	BA.2.86.1		VOC
BA.2	Omikron	BA.2.86.2		VOC
BA.2	Omikron	BA.2.86.3		VOC
BA.2	Omikron	BA.2.86.4		VOC
BA.2	Omikron	BA.2.86.5		VOC
BA.2	Omikron	BA.2.86.6		VOC
BA.2	Omikron	BA.2.86.7		VOC
BA.2	Omikron	BA.2.87		VOC
BA.2	Omikron	BA.2.87.1		VOC
BA.2	Omikron	BA.2.9		VOC
BA.2	Omikron	BA.2.9.1		VOC
BA.2	Omikron	BA.2.9.2		VOC
BA.2	Omikron	BA.2.9.3		VOC
BA.2	Omikron	BA.2.9.4		VOC
BA.2	Omikron	BA.2.9.5		VOC
BA.2	Omikron	BA.2.9.6		VOC
BA.2	Omikron	BA.2.9.7		VOC
BA.2	Omikron	BG.1		VOC
BA.2	Omikron	BG.2		VOC
BA.2	Omikron	BG.3		VOC
BA.2	Omikron	BG.4		VOC
BA.2	Omikron	BG.5		VOC
BA.2	Omikron	BG.6		VOC
BA.2	Omikron	BG.7		VOC
BA.2	Omikron	BH.1		VOC
BA.2	Omikron	BJ.1		VOC
BA.2	Omikron	BL.1		VOC
BA.2	Omikron	BL.1.1		VOC
BA.2	Omikron	BL.1.2		VOC
BA.2	Omikron	BL.1.3		VOC
BA.2	Omikron	BL.1.4		VOC
BA.2	Omikron	BL.1.5		VOC
BA.2	Omikron	BL.2		VOC
BA.2	Omikron	BL.2.1		VOC
BA.2	Omikron	BL.3		VOC
BA.2	Omikron	BL.4		VOC
BA.2	Omikron	BL.5		VOC
BA.2	Omikron	BL.6		VOC
BA.2	Omikron	BM.1		VOC
BA.2	Omikron	BM.1.1		VOC
BA.2	Omikron	BM.1.1.1		VOC
BA.2	Omikron	BM.1.1.2		VOC
BA.2	Omikron	BM.1.1.3		VOC
BA.2	Omikron	BM.1.1.4		VOC
BA.2	Omikron	BM.1.1.5		VOC
BA.2	Omikron	BM.2		VOC
BA.2	Omikron	BM.2.1		VOC
BA.2	Omikron	BM.2.2		VOC
BA.2	Omikron	BM.2.3		VOC
BA.2	Omikron	BM.3		VOC
BA.2	Omikron	BM.4		VOC
BA.2	Omikron	BM.4.1		VOC
BA.2	Omikron	BM.4.1.1		VOC
BA.2	Omikron	BM.5		VOC
BA.2	Omikron	BM.6		VOC
BA.2	Omikron	BN.1		VOC
BA.2	Omikron	BN.1.1		VOC
BA.2	Omikron	BN.1.1.1		VOC
BA.2	Omikron	BN.1.10		VOC
BA.2	Omikron	BN.1.11		VOC
BA.2	Omikron	BN.1.2		VOC
BA.2	Omikron	BN.1.2.1		VOC
BA.2	Omikron	BN.1.2.2		VOC
BA.2	Omikron	BN.1.2.3		VOC
BA.2	Omikron	BN.1.2.4		VOC
BA.2	Omikron	BN.1.2.5		VOC
BA.2	Omikron	BN.1.2.6		VOC
BA.2	Omikron	BN.1.2.7		VOC
BA.2	Omikron	BN.1.2.8		VOC
BA.2	Omikron	BN.1.3		VOC
BA.2	Omikron	BN.1.3.1		VOC
BA.2	Omikron	BN.1.3.10		VOC
BA.2	Omikron	BN.1.3.11		VOC
BA.2	Omikron	BN.1.3.12		VOC
BA.2	Omikron	BN.1.3.13		VOC
BA.2	Omikron	BN.1.3.2		VOC
BA.2	Omikron	BN.1.3.3		VOC
BA.2	Omikron	BN.1.3.4		VOC
BA.2	Omikron	BN.1.3.5		VOC
BA.2	Omikron	BN.1.3.6		VOC
BA.2	Omikron	BN.1.3.7		VOC
BA.2	Omikron	BN.1.3.8		VOC
BA.2	Omikron	BN.1.3.9		VOC
BA.2	Omikron	BN.1.4		VOC
BA.2	Omikron	BN.1.4.1		VOC
BA.2	Omikron	BN.1.4.2		VOC
BA.2	Omikron	BN.1.4.3		VOC
BA.2	Omikron	BN.1.4.4		VOC
BA.2	Omikron	BN.1.4.5		VOC
BA.2	Omikron	BN.1.5		VOC
BA.2	Omikron	BN.1.5.1		VOC
BA.2	Omikron	BN.1.5.2		VOC
BA.2	Omikron	BN.1.6		VOC
BA.2	Omikron	BN.1.7		VOC
BA.2	Omikron	BN.1.8		VOC
BA.2	Omikron	BN.1.9		VOC
BA.2	Omikron	BN.2		VOC
BA.2	Omikron	BN.2.1		VOC
BA.2	Omikron	BN.3		VOC
BA.2	Omikron	BN.3.1		VOC
BA.2	Omikron	BN.4		VOC
BA.2	Omikron	BN.5		VOC
BA.2	Omikron	BN.6		VOC
BA.2	Omikron	BP.1		VOC
BA.2	Omikron	BR.1		VOC
BA.2	Omikron	BR.1.1		VOC
BA.2	Omikron	BR.1.2		VOC
BA.2	Omikron	BR.2		VOC
BA.2	Omikron	BR.2.1		VOC
BA.2	Omikron	BR.3		VOC
BA.2	Omikron	BR.4		VOC
BA.2	Omikron	BR.5		VOC
BA.2	Omikron	BR.5.1		VOC
BA.2	Omikron	BS.1		VOC
BA.2	Omikron	BS.1.1		VOC
BA.2	Omikron	BS.1.2		VOC
BA.2	Omikron	BY.1		VOC
BA.2	Omikron	BY.1.1		VOC
BA.2	Omikron	BY.1.1.1		VOC
BA.2	Omikron	BY.1.2		VOC
BA.2	Omikron	BY.1.2.1		VOC
BA.2	Omikron	CA.1		VOC
BA.2	Omikron	CA.2		VOC
BA.2	Omikron	CA.3		VOC
BA.2	Omikron	CA.3.1		VOC
BA.2	Omikron	CA.4		VOC
BA.2	Omikron	CA.5		VOC
BA.2	Omikron	CA.6		VOC
BA.2	Omikron	CA.7		VOC
BA.2	Omikron	CB.1		VOC
BA.2	Omikron	CH.1		VOC
BA.2	Omikron	CH.1.1		VOC
BA.2	Omikron	CH.1.1.1		VOC
BA.2	Omikron	CH.1.1.10		VOC
BA.2	Omikron	CH.1.1.11		VOC
BA.2	Omikron	CH.1.1.12		VOC
BA.2	Omikron	CH.1.1.13		VOC
BA.2	Omikron	CH.1.1.14		VOC
BA.2	Omikron	CH.1.1.15		VOC
BA.2	Omikron	CH.1.1.16		VOC
BA.2	Omikron	CH.1.1.17		VOC
BA.2	Omikron	CH.1.1.18		VOC
BA.2	Omikron	CH.1.1.19		VOC
BA.2	Omikron	CH.1.1.2		VOC
BA.2	Omikron	CH.1.1.20		VOC
BA.2	Omikron	CH.1.1.21		VOC
BA.2	Omikron	CH.1.1.22		VOC
BA.2	Omikron	CH.1.1.23		VOC
BA.2	Omikron	CH.1.1.24		VOC
BA.2	Omikron	CH.1.1.25		VOC
BA.2	Omikron	CH.1.1.26		VOC
BA.2	Omikron	CH.1.1.27		VOC
BA.2	Omikron	CH.1.1.28		VOC
BA.2	Omikron	CH.1.1.29		VOC
BA.2	Omikron	CH.1.1.3		VOC
BA.2	Omikron	CH.1.1.30		VOC
BA.2	Omikron	CH.1.1.31		VOC
BA.2	Omikron	CH.1.1.32		VOC
BA.2	Omikron	CH.1.1.4		VOC
BA.2	Omikron	CH.1.1.5		VOC
BA.2	Omikron	CH.1.1.6		VOC
BA.2	Omikron	CH.1.1.7		VOC
BA.2	Omikron	CH.1.1.8		VOC
BA.2	Omikron	CH.1.1.9		VOC
BA.2	Omikron	CH.2		VOC
BA.2	Omikron	CH.3		VOC
BA.2	Omikron	CH.3.1		VOC
BA.2	Omikron	CJ.1		VOC
BA.2	Omikron	CJ.1.1		VOC
BA.2	Omikron	CJ.1.2		VOC
BA.2	Omikron	CJ.1.3		VOC
BA.2	Omikron	CJ.1.3.1		VOC
BA.2	Omikron	CJ.1.3.2		VOC
BA.2	Omikron	CM.1		VOC
BA.2	Omikron	CM.10		VOC
BA.2	Omikron	CM.11		VOC
BA.2	Omikron	CM.12		VOC
BA.2	Omikron	CM.2		VOC
BA.2	Omikron	CM.2.1		VOC
BA.2	Omikron	CM.3		VOC
BA.2	Omikron	CM.4		VOC
BA.2	Omikron	CM.4.1		VOC
BA.2	Omikron	CM.5		VOC
BA.2	Omikron	CM.5.1		VOC
BA.2	Omikron	CM.5.2		VOC
BA.2	Omikron	CM.6		VOC
BA.2	Omikron	CM.6.1		VOC
BA.2	Omikron	CM.7		VOC
BA.2	Omikron	CM.7.1		VOC
BA.2	Omikron	CM.7.1.1		VOC
BA.2	Omikron	CM.8		VOC
BA.2	Omikron	CM.8.1		VOC
BA.2	Omikron	CM.8.1.1		VOC
BA.2	Omikron	CM.8.1.2		VOC
BA.2	Omikron	CM.8.1.3		VOC
BA.2	Omikron	CM.8.1.4		VOC
BA.2	Omikron	CM.8.1.5		VOC
BA.2	Omikron	CM.9		VOC
BA.2	Omikron	CV.1		VOC
BA.2	Omikron	CV.2		VOC
BA.2	Omikron	DD.1		VOC
BA.2	Omikron	DS.1		VOC
BA.2	Omikron	DS.2		VOC
BA.2	Omikron	DS.3		VOC
BA.2	Omikron	DV.1		VOC
BA.2	Omikron	DV.1.1		VOC
BA.2	Omikron	DV.2		VOC
BA.2	Omikron	DV.3		VOC
BA.2	Omikron	DV.3.1		VOC
BA.2	Omikron	DV.4		VOC
BA.2	Omikron	DV.5		VOC
BA.2	Omikron	DV.6		VOC
BA.2	Omikron	DV.6.1		VOC
BA.2	Omikron	DV.6.2		VOC
BA.2	Omikron	DV.7		VOC
BA.2	Omikron	DV.7.1		VOC
BA.2	Omikron	DV.7.1.1		VOC
BA.2	Omikron	DV.7.1.2		VOC
BA.2	Omikron	DV.7.1.3		VOC
BA.2	Omikron	DV.7.1.4		VOC
BA.2	Omikron	DV.7.1.5		VOC
BA.2	Omikron	DV.7.1.6		VOC
BA.2	Omikron	DV.7.1.7		VOC
BA.2	Omikron	DV.7.1.8		VOC
BA.2	Omikron	DV.7.1.9		VOC
BA.2	Omikron	DV.7.2		VOC
BA.2	Omikron	DV.8		VOC
BA.2	Omikron	EJ.1		VOC
BA.2	Omikron	EJ.2		VOC
BA.2	Omikron	EJ.3		VOC
BA.2	Omikron	EP.1		VOC
BA.2	Omikron	EP.1.1		VOC
BA.2	Omikron	EP.1.1.1		VOC
BA.2	Omikron	EP.2		VOC
BA.2	Omikron	FJ.1		VOC
BA.2	Omikron	FK.1		VOC
BA.2	Omikron	FK.1.1		VOC
BA.2	Omikron	FK.1.1.1		VOC
BA.2	Omikron	FK.1.1.2		VOC
BA.2	Omikron	FK.1.2		VOC
BA.2	Omikron	FK.1.2.1		VOC
BA.2	Omikron	FK.1.2.2		VOC
BA.2	Omikron	FK.1.3		VOC
BA.2	Omikron	FK.1.3.1		VOC
BA.2	Omikron	FK.1.3.2		VOC
BA.2	Omikron	FK.1.4		VOC
BA.2	Omikron	FK.1.4.1		VOC
BA.2	Omikron	FK.1.5		VOC
BA.2	Omikron	FR.1		VOC
BA.2	Omikron	FR.1.1		VOC
BA.2	Omikron	FR.1.2		VOC
BA.2	Omikron	FR.1.3		VOC
BA.2	Omikron	FR.1.4		VOC
BA.2	Omikron	FR.1.5		VOC
BA.2	Omikron	FR.2		VOC
BA.2	Omikron	FS.1		VOC
BA.2	Omikron	FV.1		VOC
BA.2	Omikron	GP.1		VOC
BA.2	Omikron	GP.2		VOC
BA.2	Omikron	GP.3		VOC
BA.2	Omikron	GQ.1		VOC
BA.2	Omikron	GQ.1.1		VOC
BA.2	Omikron	JL.1		VOC
BA.2	Omikron	JN.1		VOC
BA.2	Omikron	JN.1.1		VOC
BA.2	Omikron	JN.1.1.1		VOC
BA.2	Omikron	JN.1.1.10		VOC
BA.2	Omikron	JN.1.1.2		VOC
BA.2	Omikron	JN.1.1.3		VOC
BA.2	Omikron	JN.1.1.4		VOC
BA.2	Omikron	JN.1.1.5		VOC
BA.2	Omikron	JN.1.1.6		VOC
BA.2	Omikron	JN.1.1.7		VOC
BA.2	Omikron	JN.1.1.8		VOC
BA.2	Omikron	JN.1.1.9		VOC
BA.2	Omikron	JN.1.10		VOC
BA.2	Omikron	JN.1.11		VOC
BA.2	Omikron	JN.1.11.1		VOC
BA.2	Omikron	JN.1.12		VOC
BA.2	Omikron	JN.1.13		VOC
BA.2	Omikron	JN.1.13.1		VOC
BA.2	Omikron	JN.1.14		VOC
BA.2	Omikron	JN.1.15		VOC
BA.2	Omikron	JN.1.15.1		VOC
BA.2	Omikron	JN.1.16		VOC
BA.2	Omikron	JN.1.16.1		VOC
BA.2	Omikron	JN.1.16.2		VOC
BA.2	Omikron	JN.1.16.3		VOC
BA.2	Omikron	JN.1.17		VOC
BA.2	Omikron	JN.1.18		VOC
BA.2	Omikron	JN.1.18.1		VOC
BA.2	Omikron	JN.1.18.2		VOC
BA.2	Omikron	JN.1.18.3		VOC
BA.2	Omikron	JN.1.18.4		VOC
BA.2	Omikron	JN.1.18.5		VOC
BA.2	Omikron	JN.1.19		VOC
BA.2	Omikron	JN.1.2		VOC
BA.2	Omikron	JN.1.2.1		VOC
BA.2	Omikron	JN.1.20		VOC
BA.2	Omikron	JN.1.21		VOC
BA.2	Omikron	JN.1.22		VOC
BA.2	Omikron	JN.1.23		VOC
BA.2	Omikron	JN.1.23.1		VOC
BA.2	Omikron	JN.1.24		VOC
BA.2	Omikron	JN.1.24.1		VOC
BA.2	Omikron	JN.1.25		VOC
BA.2	Omikron	JN.1.25.1		VOC
BA.2	Omikron	JN.1.26		VOC
BA.2	Omikron	JN.1.27		VOC
BA.2	Omikron	JN.1.28		VOC
BA.2	Omikron	JN.1.28.1		VOC
BA.2	Omikron	JN.1.29		VOC
BA.2	Omikron	JN.1.29.1		VOC
BA.2	Omikron	JN.1.3		VOC
BA.2	Omikron	JN.1.30		VOC
BA.2	Omikron	JN.1.30.1		VOC
BA.2	Omikron	JN.1.31		VOC
BA.2	Omikron	JN.1.32		VOC
BA.2	Omikron	JN.1.32.1		VOC
BA.2	Omikron	JN.1.34		VOC
BA.2	Omikron	JN.1.35		VOC
BA.2	Omikron	JN.1.36		VOC
BA.2	Omikron	JN.1.36.1		VOC
BA.2	Omikron	JN.1.37		VOC
BA.2	Omikron	JN.1.38		VOC
BA.2	Omikron	JN.1.39		VOC
BA.2	Omikron	JN.1.39.1		VOC
BA.2	Omikron	JN.1.39.2		VOC
BA.2	Omikron	JN.1.39.3		VOC
BA.2	Omikron	JN.1.4		VOC
BA.2	Omikron	JN.1.4.1		VOC
BA.2	Omikron	JN.1.4.2		VOC
BA.2	Omikron	JN.1.4.3		VOC
BA.2	Omikron	JN.1.4.4		VOC
BA.2	Omikron	JN.1.4.5		VOC
BA.2	Omikron	JN.1.4.6		VOC
BA.2	Omikron	JN.1.4.7		VOC
BA.2	Omikron	JN.1.4.8		VOC
BA.2	Omikron	JN.1.40		VOC
BA.2	Omikron	JN.1.41		VOC
BA.2	Omikron	JN.1.42		VOC
BA.2	Omikron	JN.1.42.1		VOC
BA.2	Omikron	JN.1.42.2		VOC
BA.2	Omikron	JN.1.43		VOC
BA.2	Omikron	JN.1.43.1		VOC
BA.2	Omikron	JN.1.44		VOC
BA.2	Omikron	JN.1.44.1		VOC
BA.2	Omikron	JN.1.45		VOC
BA.2	Omikron	JN.1.46		VOC
BA.2	Omikron	JN.1.47		VOC
BA.2	Omikron	JN.1.47.1		VOC
BA.2	Omikron	JN.1.47.2		VOC
BA.2	Omikron	JN.1.48		VOC
BA.2	Omikron	JN.1.48.1		VOC
BA.2	Omikron	JN.1.48.2		VOC
BA.2	Omikron	JN.1.49		VOC
BA.2	Omikron	JN.1.49.1		VOC
BA.2	Omikron	JN.1.49.2		VOC
BA.2	Omikron	JN.1.5		VOC
BA.2	Omikron	JN.1.50		VOC
BA.2	Omikron	JN.1.50.1		VOC
BA.2	Omikron	JN.1.51		VOC
BA.2	Omikron	JN.1.51.1		VOC
BA.2	Omikron	JN.1.52		VOC
BA.2	Omikron	JN.1.53		VOC
BA.2	Omikron	JN.1.53.1		VOC
BA.2	Omikron	JN.1.54		VOC
BA.2	Omikron	JN.1.54.1		VOC
BA.2	Omikron	JN.1.55		VOC
BA.2	Omikron	JN.1.55.1		VOC
BA.2	Omikron	JN.1.55.2		VOC
BA.2	Omikron	JN.1.56		VOC
BA.2	Omikron	JN.1.56.1		VOC
BA.2	Omikron	JN.1.57		VOC
BA.2	Omikron	JN.1.57.1		VOC
BA.2	Omikron	JN.1.58		VOC
BA.2	Omikron	JN.1.58.1		VOC
BA.2	Omikron	JN.1.58.2		VOC
BA.2	Omikron	JN.1.58.3		VOC
BA.2	Omikron	JN.1.59		VOC
BA.2	Omikron	JN.1.6		VOC
BA.2	Omikron	JN.1.6.1		VOC
BA.2	Omikron	JN.1.60		VOC
BA.2	Omikron	JN.1.61		VOC
BA.2	Omikron	JN.1.62		VOC
BA.2	Omikron	JN.1.63		VOC
BA.2	Omikron	JN.1.63.1		VOC
BA.2	Omikron	JN.1.7		VOC
BA.2	Omikron	JN.1.7.1		VOC
BA.2	Omikron	JN.1.7.2		VOC
BA.2	Omikron	JN.1.7.3		VOC
BA.2	Omikron	JN.1.7.4		VOC
BA.2	Omikron	JN.1.7.5		VOC
BA.2	Omikron	JN.1.7.6		VOC
BA.2	Omikron	JN.1.7.7		VOC
BA.2	Omikron	JN.1.8		VOC
BA.2	Omikron	JN.1.8.1		VOC
BA.2	Omikron	JN.1.8.2		VOC
BA.2	Omikron	JN.1.8.3		VOC
BA.2	Omikron	JN.1.8.4		VOC
BA.2	Omikron	JN.1.9		VOC
BA.2	Omikron	JN.1.9.1		VOC
BA.2	Omikron	JN.1.9.2		VOC
BA.2	Omikron	JN.10		VOC
BA.2	Omikron	JN.11		VOC
BA.2	Omikron	JN.11.1		VOC
BA.2	Omikron	JN.12		VOC
BA.2	Omikron	JN.13		VOC
BA.2	Omikron	JN.13.1		VOC
BA.2	Omikron	JN.14		VOC
BA.2	Omikron	JN.15		VOC
BA.2	Omikron	JN.16		VOC
BA.2	Omikron	JN.17		VOC
BA.2	Omikron	JN.18		VOC
BA.2	Omikron	JN.19		VOC
BA.2	Omikron	JN.2		VOC
BA.2	Omikron	JN.2.1		VOC
BA.2	Omikron	JN.2.2		VOC
BA.2	Omikron	JN.2.2.1		VOC
BA.2	Omikron	JN.2.3		VOC
BA.2	Omikron	JN.2.4		VOC
BA.2	Omikron	JN.2.5		VOC
BA.2	Omikron	JN.3		VOC
BA.2	Omikron	JN.3.1		VOC
BA.2	Omikron	JN.3.2		VOC
BA.2	Omikron	JN.3.2.1		VOC
BA.2	Omikron	JN.3.3		VOC
BA.2	Omikron	JN.4		VOC
BA.2	Omikron	JN.5		VOC
BA.2	Omikron	JN.5.1		VOC
BA.2	Omikron	JN.6		VOC
BA.2	Omikron	JN.7		VOC
BA.2	Omikron	JN.8		VOC
BA.2	Omikron	JN.9		VOC
BA.2	Omikron	JP.1		VOC
BA.2	Omikron	JP.1.1		VOC
BA.2	Omikron	JQ.1		VOC
BA.2	Omikron	JQ.2		VOC
BA.2	Omikron	JQ.2.1		VOC
BA.2	Omikron	JQ.2.1.1		VOC
BA.2	Omikron	JV.1		VOC
BA.2	Omikron	JV.2		VOC
BA.2	Omikron	KG.1		VOC
BA.2	Omikron	KG.2		VOC
BA.2	Omikron	KP.1		VOC
BA.2	Omikron	KP.1.1		VOC
BA.2	Omikron	KP.1.1.1		VOC
BA.2	Omikron	KP.1.1.2		VOC
BA.2	Omikron	KP.1.1.3		VOC
BA.2	Omikron	KP.1.1.4		VOC
BA.2	Omikron	KP.1.1.5		VOC
BA.2	Omikron	KP.1.2		VOC
BA.2	Omikron	KP.2		VOC
BA.2	Omikron	KP.2.1		VOC
BA.2	Omikron	KP.2.10		VOC
BA.2	Omikron	KP.2.11		VOC
BA.2	Omikron	KP.2.12		VOC
BA.2	Omikron	KP.2.13		VOC
BA.2	Omikron	KP.2.14		VOC
BA.2	Omikron	KP.2.15		VOC
BA.2	Omikron	KP.2.16		VOC
BA.2	Omikron	KP.2.2		VOC
BA.2	Omikron	KP.2.3		VOC
BA.2	Omikron	KP.2.3.1		VOC
BA.2	Omikron	KP.2.3.2		VOC
BA.2	Omikron	KP.2.3.3		VOC
BA.2	Omikron	KP.2.4		VOC
BA.2	Omikron	KP.2.5		VOC
BA.2	Omikron	KP.2.6		VOC
BA.2	Omikron	KP.2.7		VOC
BA.2	Omikron	KP.2.8		VOC
BA.2	Omikron	KP.2.9		VOC
BA.2	Omikron	KP.3		VOC
BA.2	Omikron	KP.3.1		VOC
BA.2	Omikron	KP.3.1.1		VOC
BA.2	Omikron	KP.3.1.2		VOC
BA.2	Omikron	KP.3.1.3		VOC
BA.2	Omikron	KP.3.1.4		VOC
BA.2	Omikron	KP.3.1.5		VOC
BA.2	Omikron	KP.3.2		VOC
BA.2	Omikron	KP.3.2.1		VOC
BA.2	Omikron	KP.3.2.2		VOC
BA.2	Omikron	KP.3.2.3		VOC
BA.2	Omikron	KP.3.2.4		VOC
BA.2	Omikron	KP.3.2.5		VOC
BA.2	Omikron	KP.3.3		VOC
BA.2	Omikron	KP.4		VOC
BA.2	Omikron	KP.4.1		VOC
BA.2	Omikron	KP.4.1.1		VOC
BA.2	Omikron	KP.4.1.2		VOC
BA.2	Omikron	KP.4.1.3		VOC
BA.2	Omikron	KP.4.2		VOC
BA.2	Omikron	KP.4.2.1		VOC
BA.2	Omikron	KP.4.2.2		VOC
BA.2	Omikron	KP.5		VOC
BA.2	Omikron	KQ.1		VOC
BA.2	Omikron	KR.1		VOC
BA.2	Omikron	KR.1.1		VOC
BA.2	Omikron	KR.1.2		VOC
BA.2	Omikron	KR.3		VOC
BA.2	Omikron	KR.4		VOC
BA.2	Omikron	KR.5		VOC
BA.2	Omikron	KS.1		VOC
BA.2	Omikron	KS.1.1		VOC
BA.2	Omikron	KS.1.2		VOC
BA.2	Omikron	KU.1		VOC
BA.2	Omikron	KU.2		VOC
BA.2	Omikron	KV.1		VOC
BA.2	Omikron	KV.2		VOC
BA.2	Omikron	KW.1		VOC
BA.2	Omikron	KW.1.1		VOC
BA.2	Omikron	KW.1.1.1		VOC
BA.2	Omikron	KW.1.2		VOC
BA.2	Omikron	KY.1		VOC
BA.2	Omikron	KZ.1		VOC
BA.2	Omikron	KZ.1.1		VOC
BA.2	Omikron	KZ.1.1.1		VOC
BA.2	Omikron	LA.1		VOC
BA.2	Omikron	LA.2		VOC
BA.2	Omikron	LB.1		VOC
BA.2	Omikron	LB.1.1		VOC
BA.2	Omikron	LB.1.2		VOC
BA.2	Omikron	LB.1.2.1		VOC
BA.2	Omikron	LB.1.3		VOC
BA.2	Omikron	LB.1.4		VOC
BA.2	Omikron	LB.1.5		VOC
BA.2	Omikron	LB.1.6		VOC
BA.2	Omikron	LB.1.7		VOC
BA.2	Omikron	LC.1		VOC
BA.2	Omikron	LD.1		VOC
BA.2	Omikron	LE.1		VOC
BA.2	Omikron	LE.1.1		VOC
BA.2	Omikron	LE.1.2		VOC
BA.2	Omikron	LE.1.3		VOC
BA.2	Omikron	LE.1.3.1		VOC
BA.2	Omikron	LE.2		VOC
BA.2	Omikron	LF.1		VOC
BA.2	Omikron	LF.1.1		VOC
BA.2	Omikron	LF.1.1.1		VOC
BA.2	Omikron	LF.2		VOC
BA.2	Omikron	LF.3		VOC
BA.2	Omikron	LF.3.1		VOC
BA.2	Omikron	LG.1		VOC
BA.2	Omikron	LH.1		VOC
BA.2	Omikron	LH.2		VOC
BA.2	Omikron	LJ.1		VOC
BA.2	Omikron	LK.1		VOC
BA.2	Omikron	LL.1		VOC
BA.2	Omikron	LM.1		VOC
BA.2	Omikron	LN.1		VOC
BA.2	Omikron	LN.1.1		VOC
BA.2	Omikron	LP.1		VOC
BA.2	Omikron	LP.2		VOC
BA.2	Omikron	LP.3		VOC
BA.2	Omikron	LQ.1		VOC
BA.2	Omikron	LQ.1.1		VOC
BA.2	Omikron	LQ.2		VOC
BA.2	Omikron	LQ.3		VOC
BA.2	Omikron	LR.1		VOC
BA.2	Omikron	LR.2		VOC
BA.2	Omikron	LS.1		VOC
BA.2	Omikron	LT.1		VOC
BA.2	Omikron	LU.1		VOC
BA.2	Omikron	LV.1		VOC
BA.2	Omikron	LV.2		VOC
BA.2	Omikron	LW.1		VOC
BA.3	Omikron	BA.3		VOC
BA.3	Omikron	BA.3.1		VOC
BA.4	Omikron	BA.4		VOC
BA.4	Omikron	BA.4.1		VOC
BA.4	Omikron	BA.4.1.1		VOC
BA.4	Omikron	BA.4.1.10		VOC
BA.4	Omikron	BA.4.1.11		VOC
BA.4	Omikron	BA.4.1.2		VOC
BA.4	Omikron	BA.4.1.3		VOC
BA.4	Omikron	BA.4.1.4		VOC
BA.4	Omikron	BA.4.1.5		VOC
BA.4	Omikron	BA.4.1.6		VOC
BA.4	Omikron	BA.4.1.7		VOC
BA.4	Omikron	BA.4.1.8		VOC
BA.4	Omikron	BA.4.1.9		VOC
BA.4	Omikron	BA.4.2		VOC
BA.4	Omikron	BA.4.3		VOC
BA.4	Omikron	BA.4.4		VOC
BA.4	Omikron	BA.4.5		VOC
BA.4	Omikron	BA.4.6		VOC
BA.4	Omikron	BA.4.6.1		VOC
BA.4	Omikron	BA.4.6.2		VOC
BA.4	Omikron	BA.4.6.3		VOC
BA.4	Omikron	BA.4.6.4		VOC
BA.4	Omikron	BA.4.6.5		VOC
BA.4	Omikron	BA.4.7		VOC
BA.4	Omikron	BA.4.8		VOC
BA.4	Omikron	CS.1		VOC
BA.4	Omikron	DC.1		VOC
BA.5	Omikron	BA.5		VOC
BA.5	Omikron	BA.5.1		VOC
BA.5	Omikron	BA.5.1.1		VOC
BA.5	Omikron	BA.5.1.10		VOC
BA.5	Omikron	BA.5.1.11		VOC
BA.5	Omikron	BA.5.1.12		VOC
BA.5	Omikron	BA.5.1.14		VOC
BA.5	Omikron	BA.5.1.15		VOC
BA.5	Omikron	BA.5.1.16		VOC
BA.5	Omikron	BA.5.1.17		VOC
BA.5	Omikron	BA.5.1.18		VOC
BA.5	Omikron	BA.5.1.19		VOC
BA.5	Omikron	BA.5.1.2		VOC
BA.5	Omikron	BA.5.1.20		VOC
BA.5	Omikron	BA.5.1.21		VOC
BA.5	Omikron	BA.5.1.22		VOC
BA.5	Omikron	BA.5.1.23		VOC
BA.5	Omikron	BA.5.1.24		VOC
BA.5	Omikron	BA.5.1.25		VOC
BA.5	Omikron	BA.5.1.26		VOC
BA.5	Omikron	BA.5.1.27		VOC
BA.5	Omikron	BA.5.1.28		VOC
BA.5	Omikron	BA.5.1.29		VOC
BA.5	Omikron	BA.5.1.3		VOC
BA.5	Omikron	BA.5.1.30		VOC
BA.5	Omikron	BA.5.1.31		VOC
BA.5	Omikron	BA.5.1.32		VOC
BA.5	Omikron	BA.5.1.33		VOC
BA.5	Omikron	BA.5.1.34		VOC
BA.5	Omikron	BA.5.1.35		VOC
BA.5	Omikron	BA.5.1.36		VOC
BA.5	Omikron	BA.5.1.37		VOC
BA.5	Omikron	BA.5.1.38		VOC
BA.5	Omikron	BA.5.1.4		VOC
BA.5	Omikron	BA.5.1.5		VOC
BA.5	Omikron	BA.5.1.6		VOC
BA.5	Omikron	BA.5.1.7		VOC
BA.5	Omikron	BA.5.1.8		VOC
BA.5	Omikron	BA.5.1.9		VOC
BA.5	Omikron	BA.5.10		VOC
BA.5	Omikron	BA.5.10.1		VOC
BA.5	Omikron	BA.5.11		VOC
BA.5	Omikron	BA.5.12		VOC
BA.5	Omikron	BA.5.2		VOC
BA.5	Omikron	BA.5.2.1		VOC
BA.5	Omikron	BA.5.2.10		VOC
BA.5	Omikron	BA.5.2.11		VOC
BA.5	Omikron	BA.5.2.12		VOC
BA.5	Omikron	BA.5.2.13		VOC
BA.5	Omikron	BA.5.2.14		VOC
BA.5	Omikron	BA.5.2.16		VOC
BA.5	Omikron	BA.5.2.18		VOC
BA.5	Omikron	BA.5.2.19		VOC
BA.5	Omikron	BA.5.2.2		VOC
BA.5	Omikron	BA.5.2.20		VOC
BA.5	Omikron	BA.5.2.21		VOC
BA.5	Omikron	BA.5.2.22		VOC
BA.5	Omikron	BA.5.2.23		VOC
BA.5	Omikron	BA.5.2.24		VOC
BA.5	Omikron	BA.5.2.25		VOC
BA.5	Omikron	BA.5.2.26		VOC
BA.5	Omikron	BA.5.2.27		VOC
BA.5	Omikron	BA.5.2.28		VOC
BA.5	Omikron	BA.5.2.29		VOC
BA.5	Omikron	BA.5.2.3		VOC
BA.5	Omikron	BA.5.2.30		VOC
BA.5	Omikron	BA.5.2.31		VOC
BA.5	Omikron	BA.5.2.32		VOC
BA.5	Omikron	BA.5.2.33		VOC
BA.5	Omikron	BA.5.2.34		VOC
BA.5	Omikron	BA.5.2.35		VOC
BA.5	Omikron	BA.5.2.36		VOC
BA.5	Omikron	BA.5.2.37		VOC
BA.5	Omikron	BA.5.2.38		VOC
BA.5	Omikron	BA.5.2.39		VOC
BA.5	Omikron	BA.5.2.4		VOC
BA.5	Omikron	BA.5.2.40		VOC
BA.5	Omikron	BA.5.2.41		VOC
BA.5	Omikron	BA.5.2.42		VOC
BA.5	Omikron	BA.5.2.43		VOC
BA.5	Omikron	BA.5.2.44		VOC
BA.5	Omikron	BA.5.2.45		VOC
BA.5	Omikron	BA.5.2.46		VOC
BA.5	Omikron	BA.5.2.47		VOC
BA.5	Omikron	BA.5.2.48		VOC
BA.5	Omikron	BA.5.2.49		VOC
BA.5	Omikron	BA.5.2.5		VOC
BA.5	Omikron	BA.5.2.50		VOC
BA.5	Omikron	BA.5.2.51		VOC
BA.5	Omikron	BA.5.2.52		VOC
BA.5	Omikron	BA.5.2.53		VOC
BA.5	Omikron	BA.5.2.54		VOC
BA.5	Omikron	BA.5.2.55		VOC
BA.5	Omikron	BA.5.2.56		VOC
BA.5	Omikron	BA.5.2.57		VOC
BA.5	Omikron	BA.5.2.58		VOC
BA.5	Omikron	BA.5.2.59		VOC
BA.5	Omikron	BA.5.2.6		VOC
BA.5	Omikron	BA.5.2.60		VOC
BA.5	Omikron	BA.5.2.61		VOC
BA.5	Omikron	BA.5.2.62		VOC
BA.5	Omikron	BA.5.2.63		VOC
BA.5	Omikron	BA.5.2.7		VOC
BA.5	Omikron	BA.5.2.8		VOC
BA.5	Omikron	BA.5.2.9		VOC
BA.5	Omikron	BA.5.3		VOC
BA.5	Omikron	BA.5.3.1		VOC
BA.5	Omikron	BA.5.3.2		VOC
BA.5	Omikron	BA.5.3.3		VOC
BA.5	Omikron	BA.5.3.4		VOC
BA.5	Omikron	BA.5.3.5		VOC
BA.5	Omikron	BA.5.5		VOC
BA.5	Omikron	BA.5.5.1		VOC
BA.5	Omikron	BA.5.5.2		VOC
BA.5	Omikron	BA.5.5.3		VOC
BA.5	Omikron	BA.5.6		VOC
BA.5	Omikron	BA.5.6.1		VOC
BA.5	Omikron	BA.5.6.2		VOC
BA.5	Omikron	BA.5.6.3		VOC
BA.5	Omikron	BA.5.6.4		VOC
BA.5	Omikron	BA.5.7		VOC
BA.5	Omikron	BA.5.8		VOC
BA.5	Omikron	BA.5.9		VOC
BA.5	Omikron	BE.1		VOC
BA.5	Omikron	BE.1.1		VOC
BA.5	Omikron	BE.1.1.1		VOC
BA.5	Omikron	BE.1.1.2		VOC
BA.5	Omikron	BE.1.2		VOC
BA.5	Omikron	BE.1.2.1		VOC
BA.5	Omikron	BE.1.3		VOC
BA.5	Omikron	BE.1.4		VOC
BA.5	Omikron	BE.1.4.1		VOC
BA.5	Omikron	BE.1.4.2		VOC
BA.5	Omikron	BE.1.4.3		VOC
BA.5	Omikron	BE.1.4.4		VOC
BA.5	Omikron	BE.10		VOC
BA.5	Omikron	BE.11		VOC
BA.5	Omikron	BE.12		VOC
BA.5	Omikron	BE.13		VOC
BA.5	Omikron	BE.2		VOC
BA.5	Omikron	BE.3		VOC
BA.5	Omikron	BE.4		VOC
BA.5	Omikron	BE.4.1		VOC
BA.5	Omikron	BE.4.1.1		VOC
BA.5	Omikron	BE.4.2		VOC
BA.5	Omikron	BE.5		VOC
BA.5	Omikron	BE.6		VOC
BA.5	Omikron	BE.7		VOC
BA.5	Omikron	BE.8		VOC
BA.5	Omikron	BE.9		VOC
BA.5	Omikron	BF.1		VOC
BA.5	Omikron	BF.1.1		VOC
BA.5	Omikron	BF.10		VOC
BA.5	Omikron	BF.10.1		VOC
BA.5	Omikron	BF.11		VOC
BA.5	Omikron	BF.11.1		VOC
BA.5	Omikron	BF.11.2		VOC
BA.5	Omikron	BF.11.3		VOC
BA.5	Omikron	BF.11.4		VOC
BA.5	Omikron	BF.11.5		VOC
BA.5	Omikron	BF.12		VOC
BA.5	Omikron	BF.13		VOC
BA.5	Omikron	BF.14		VOC
BA.5	Omikron	BF.15		VOC
BA.5	Omikron	BF.16		VOC
BA.5	Omikron	BF.17		VOC
BA.5	Omikron	BF.18		VOC
BA.5	Omikron	BF.19		VOC
BA.5	Omikron	BF.2		VOC
BA.5	Omikron	BF.20		VOC
BA.5	Omikron	BF.21		VOC
BA.5	Omikron	BF.22		VOC
BA.5	Omikron	BF.23		VOC
BA.5	Omikron	BF.24		VOC
BA.5	Omikron	BF.25		VOC
BA.5	Omikron	BF.26		VOC
BA.5	Omikron	BF.27		VOC
BA.5	Omikron	BF.28		VOC
BA.5	Omikron	BF.29		VOC
BA.5	Omikron	BF.3		VOC
BA.5	Omikron	BF.3.1		VOC
BA.5	Omikron	BF.30		VOC
BA.5	Omikron	BF.31		VOC
BA.5	Omikron	BF.31.1		VOC
BA.5	Omikron	BF.32		VOC
BA.5	Omikron	BF.33		VOC
BA.5	Omikron	BF.34		VOC
BA.5	Omikron	BF.35		VOC
BA.5	Omikron	BF.36		VOC
BA.5	Omikron	BF.37		VOC
BA.5	Omikron	BF.38		VOC
BA.5	Omikron	BF.38.1		VOC
BA.5	Omikron	BF.38.2		VOC
BA.5	Omikron	BF.38.3		VOC
BA.5	Omikron	BF.39		VOC
BA.5	Omikron	BF.39.1		VOC
BA.5	Omikron	BF.4		VOC
BA.5	Omikron	BF.40		VOC
BA.5	Omikron	BF.41		VOC
BA.5	Omikron	BF.41.1		VOC
BA.5	Omikron	BF.42		VOC
BA.5	Omikron	BF.5		VOC
BA.5	Omikron	BF.5.1		VOC
BA.5	Omikron	BF.5.2		VOC
BA.5	Omikron	BF.5.3		VOC
BA.5	Omikron	BF.5.4		VOC
BA.5	Omikron	BF.5.5		VOC
BA.5	Omikron	BF.6		VOC
BA.5	Omikron	BF.7		VOC
BA.5	Omikron	BF.7.1		VOC
BA.5	Omikron	BF.7.10		VOC
BA.5	Omikron	BF.7.11		VOC
BA.5	Omikron	BF.7.12		VOC
BA.5	Omikron	BF.7.13		VOC
BA.5	Omikron	BF.7.13.1		VOC
BA.5	Omikron	BF.7.13.2		VOC
BA.5	Omikron	BF.7.14		VOC
BA.5	Omikron	BF.7.14.1		VOC
BA.5	Omikron	BF.7.14.2		VOC
BA.5	Omikron	BF.7.14.3		VOC
BA.5	Omikron	BF.7.14.4		VOC
BA.5	Omikron	BF.7.14.5		VOC
BA.5	Omikron	BF.7.14.6		VOC
BA.5	Omikron	BF.7.14.7		VOC
BA.5	Omikron	BF.7.15		VOC
BA.5	Omikron	BF.7.16		VOC
BA.5	Omikron	BF.7.16.1		VOC
BA.5	Omikron	BF.7.17		VOC
BA.5	Omikron	BF.7.18		VOC
BA.5	Omikron	BF.7.19		VOC
BA.5	Omikron	BF.7.19.1		VOC
BA.5	Omikron	BF.7.2		VOC
BA.5	Omikron	BF.7.20		VOC
BA.5	Omikron	BF.7.21		VOC
BA.5	Omikron	BF.7.22		VOC
BA.5	Omikron	BF.7.23		VOC
BA.5	Omikron	BF.7.24		VOC
BA.5	Omikron	BF.7.26		VOC
BA.5	Omikron	BF.7.27		VOC
BA.5	Omikron	BF.7.3		VOC
BA.5	Omikron	BF.7.4		VOC
BA.5	Omikron	BF.7.4.1		VOC
BA.5	Omikron	BF.7.4.2		VOC
BA.5	Omikron	BF.7.4.3		VOC
BA.5	Omikron	BF.7.5		VOC
BA.5	Omikron	BF.7.5.1		VOC
BA.5	Omikron	BF.7.6		VOC
BA.5	Omikron	BF.7.7		VOC
BA.5	Omikron	BF.7.8		VOC
BA.5	Omikron	BF.7.9		VOC
BA.5	Omikron	BF.8		VOC
BA.5	Omikron	BF.9		VOC
BA.5	Omikron	BK.1		VOC
BA.5	Omikron	BQ.1		VOC
BA.5	Omikron	BQ.1.1		VOC
BA.5	Omikron	BQ.1.1.1		VOC
BA.5	Omikron	BQ.1.1.10		VOC
BA.5	Omikron	BQ.1.1.11		VOC
BA.5	Omikron	BQ.1.1.12		VOC
BA.5	Omikron	BQ.1.1.13		VOC
BA.5	Omikron	BQ.1.1.14		VOC
BA.5	Omikron	BQ.1.1.15		VOC
BA.5	Omikron	BQ.1.1.16		VOC
BA.5	Omikron	BQ.1.1.17		VOC
BA.5	Omikron	BQ.1.1.18		VOC
BA.5	Omikron	BQ.1.1.19		VOC
BA.5	Omikron	BQ.1.1.2		VOC
BA.5	Omikron	BQ.1.1.20		VOC
BA.5	Omikron	BQ.1.1.21		VOC
BA.5	Omikron	BQ.1.1.22		VOC
BA.5	Omikron	BQ.1.1.23		VOC
BA.5	Omikron	BQ.1.1.24		VOC
BA.5	Omikron	BQ.1.1.25		VOC
BA.5	Omikron	BQ.1.1.26		VOC
BA.5	Omikron	BQ.1.1.27		VOC
BA.5	Omikron	BQ.1.1.28		VOC
BA.5	Omikron	BQ.1.1.29		VOC
BA.5	Omikron	BQ.1.1.3		VOC
BA.5	Omikron	BQ.1.1.30		VOC
BA.5	Omikron	BQ.1.1.31		VOC
BA.5	Omikron	BQ.1.1.32		VOC
BA.5	Omikron	BQ.1.1.34		VOC
BA.5	Omikron	BQ.1.1.35		VOC
BA.5	Omikron	BQ.1.1.36		VOC
BA.5	Omikron	BQ.1.1.37		VOC
BA.5	Omikron	BQ.1.1.38		VOC
BA.5	Omikron	BQ.1.1.39		VOC
BA.5	Omikron	BQ.1.1.4		VOC
BA.5	Omikron	BQ.1.1.40		VOC
BA.5	Omikron	BQ.1.1.41		VOC
BA.5	Omikron	BQ.1.1.42		VOC
BA.5	Omikron	BQ.1.1.43		VOC
BA.5	Omikron	BQ.1.1.44		VOC
BA.5	Omikron	BQ.1.1.45		VOC
BA.5	Omikron	BQ.1.1.46		VOC
BA.5	Omikron	BQ.1.1.47		VOC
BA.5	Omikron	BQ.1.1.48		VOC
BA.5	Omikron	BQ.1.1.49		VOC
BA.5	Omikron	BQ.1.1.5		VOC
BA.5	Omikron	BQ.1.1.50		VOC
BA.5	Omikron	BQ.1.1.51		VOC
BA.5	Omikron	BQ.1.1.52		VOC
BA.5	Omikron	BQ.1.1.53		VOC
BA.5	Omikron	BQ.1.1.54		VOC
BA.5	Omikron	BQ.1.1.55		VOC
BA.5	Omikron	BQ.1.1.56		VOC
BA.5	Omikron	BQ.1.1.57		VOC
BA.5	Omikron	BQ.1.1.58		VOC
BA.5	Omikron	BQ.1.1.59		VOC
BA.5	Omikron	BQ.1.1.6		VOC
BA.5	Omikron	BQ.1.1.60		VOC
BA.5	Omikron	BQ.1.1.61		VOC
BA.5	Omikron	BQ.1.1.62		VOC
BA.5	Omikron	BQ.1.1.63		VOC
BA.5	Omikron	BQ.1.1.64		VOC
BA.5	Omikron	BQ.1.1.65		VOC
BA.5	Omikron	BQ.1.1.66		VOC
BA.5	Omikron	BQ.1.1.67		VOC
BA.5	Omikron	BQ.1.1.68		VOC
BA.5	Omikron	BQ.1.1.69		VOC
BA.5	Omikron	BQ.1.1.7		VOC
BA.5	Omikron	BQ.1.1.70		VOC
BA.5	Omikron	BQ.1.1.71		VOC
BA.5	Omikron	BQ.1.1.72		VOC
BA.5	Omikron	BQ.1.1.73		VOC
BA.5	Omikron	BQ.1.1.74		VOC
BA.5	Omikron	BQ.1.1.75		VOC
BA.5	Omikron	BQ.1.1.76		VOC
BA.5	Omikron	BQ.1.1.77		VOC
BA.5	Omikron	BQ.1.1.78		VOC
BA.5	Omikron	BQ.1.1.79		VOC
BA.5	Omikron	BQ.1.1.8		VOC
BA.5	Omikron	BQ.1.1.9		VOC
BA.5	Omikron	BQ.1.10		VOC
BA.5	Omikron	BQ.1.10.1		VOC
BA.5	Omikron	BQ.1.10.2		VOC
BA.5	Omikron	BQ.1.10.3		VOC
BA.5	Omikron	BQ.1.11		VOC
BA.5	Omikron	BQ.1.11.1		VOC
BA.5	Omikron	BQ.1.12		VOC
BA.5	Omikron	BQ.1.13		VOC
BA.5	Omikron	BQ.1.13.1		VOC
BA.5	Omikron	BQ.1.14		VOC
BA.5	Omikron	BQ.1.15		VOC
BA.5	Omikron	BQ.1.15.1		VOC
BA.5	Omikron	BQ.1.15.2		VOC
BA.5	Omikron	BQ.1.16		VOC
BA.5	Omikron	BQ.1.17		VOC
BA.5	Omikron	BQ.1.18		VOC
BA.5	Omikron	BQ.1.19		VOC
BA.5	Omikron	BQ.1.2		VOC
BA.5	Omikron	BQ.1.2.1		VOC
BA.5	Omikron	BQ.1.2.2		VOC
BA.5	Omikron	BQ.1.2.3		VOC
BA.5	Omikron	BQ.1.20		VOC
BA.5	Omikron	BQ.1.21		VOC
BA.5	Omikron	BQ.1.22		VOC
BA.5	Omikron	BQ.1.23		VOC
BA.5	Omikron	BQ.1.24		VOC
BA.5	Omikron	BQ.1.25		VOC
BA.5	Omikron	BQ.1.25.1		VOC
BA.5	Omikron	BQ.1.26		VOC
BA.5	Omikron	BQ.1.26.1		VOC
BA.5	Omikron	BQ.1.26.2		VOC
BA.5	Omikron	BQ.1.27		VOC
BA.5	Omikron	BQ.1.28		VOC
BA.5	Omikron	BQ.1.29		VOC
BA.5	Omikron	BQ.1.3		VOC
BA.5	Omikron	BQ.1.3.1		VOC
BA.5	Omikron	BQ.1.3.2		VOC
BA.5	Omikron	BQ.1.30		VOC
BA.5	Omikron	BQ.1.31		VOC
BA.5	Omikron	BQ.1.32		VOC
BA.5	Omikron	BQ.1.33		VOC
BA.5	Omikron	BQ.1.4		VOC
BA.5	Omikron	BQ.1.5		VOC
BA.5	Omikron	BQ.1.6		VOC
BA.5	Omikron	BQ.1.7		VOC
BA.5	Omikron	BQ.1.8		VOC
BA.5	Omikron	BQ.1.8.1		VOC
BA.5	Omikron	BQ.1.8.2		VOC
BA.5	Omikron	BQ.1.9		VOC
BA.5	Omikron	BQ.2		VOC
BA.5	Omikron	BT.1		VOC
BA.5	Omikron	BT.2		VOC
BA.5	Omikron	BU.1		VOC
BA.5	Omikron	BU.2		VOC
BA.5	Omikron	BU.3		VOC
BA.5	Omikron	BV.1		VOC
BA.5	Omikron	BV.2		VOC
BA.5	Omikron	BW.1		VOC
BA.5	Omikron	BW.1.1		VOC
BA.5	Omikron	BW.1.1.1		VOC
BA.5	Omikron	BW.1.1.2		VOC
BA.5	Omikron	BW.1.2		VOC
BA.5	Omikron	BZ.1		VOC
BA.5	Omikron	BZ.2		VOC
BA.5	Omikron	CC.1		VOC
BA.5	Omikron	CD.1		VOC
BA.5	Omikron	CD.2		VOC
BA.5	Omikron	CE.1		VOC
BA.5	Omikron	CF.1		VOC
BA.5	Omikron	CG.1		VOC
BA.5	Omikron	CK.1		VOC
BA.5	Omikron	CK.1.1		VOC
BA.5	Omikron	CK.1.1.1		VOC
BA.5	Omikron	CK.1.1.2		VOC
BA.5	Omikron	CK.1.2		VOC
BA.5	Omikron	CK.1.3		VOC
BA.5	Omikron	CK.1.4		VOC
BA.5	Omikron	CK.1.5		VOC
BA.5	Omikron	CK.2		VOC
BA.5	Omikron	CK.2.1		VOC
BA.5	Omikron	CK.2.1.1		VOC
BA.5	Omikron	CK.3		VOC
BA.5	Omikron	CL.1		VOC
BA.5	Omikron	CL.1.1		VOC
BA.5	Omikron	CL.1.2		VOC
BA.5	Omikron	CL.1.3		VOC
BA.5	Omikron	CN.1		VOC
BA.5	Omikron	CN.2		VOC
BA.5	Omikron	CP.1		VOC
BA.5	Omikron	CP.1.1		VOC
BA.5	Omikron	CP.1.2		VOC
BA.5	Omikron	CP.1.3		VOC
BA.5	Omikron	CP.2		VOC
BA.5	Omikron	CP.3		VOC
BA.5	Omikron	CP.4		VOC
BA.5	Omikron	CP.5		VOC
BA.5	Omikron	CP.6		VOC
BA.5	Omikron	CP.7		VOC
BA.5	Omikron	CP.8		VOC
BA.5	Omikron	CP.8.1		VOC
BA.5	Omikron	CQ.1		VOC
BA.5	Omikron	CQ.1.1		VOC
BA.5	Omikron	CQ.2		VOC
BA.5	Omikron	CR.1		VOC
BA.5	Omikron	CR.1.1		VOC
BA.5	Omikron	CR.1.2		VOC
BA.5	Omikron	CR.1.3		VOC
BA.5	Omikron	CR.2		VOC
BA.5	Omikron	CT.1		VOC
BA.5	Omikron	CU.1		VOC
BA.5	Omikron	CW.1		VOC
BA.5	Omikron	CY.1		VOC
BA.5	Omikron	CY.2		VOC
BA.5	Omikron	CZ.1		VOC
BA.5	Omikron	CZ.2		VOC
BA.5	Omikron	DA.1		VOC
BA.5	Omikron	DB.1		VOC
BA.5	Omikron	DB.2		VOC
BA.5	Omikron	DB.3		VOC
BA.5	Omikron	DE.1		VOC
BA.5	Omikron	DE.2		VOC
BA.5	Omikron	DF.1		VOC
BA.5	Omikron	DF.1.1		VOC
BA.5	Omikron	DG.1		VOC
BA.5	Omikron	DH.1		VOC
BA.5	Omikron	DJ.1		VOC
BA.5	Omikron	DJ.1.1		VOC
BA.5	Omikron	DJ.1.1.1		VOC
BA.5	Omikron	DJ.1.2		VOC
BA.5	Omikron	DJ.1.3		VOC
BA.5	Omikron	DK.1		VOC
BA.5	Omikron	DL.1		VOC
BA.5	Omikron	DM.1		VOC
BA.5	Omikron	DN.1		VOC
BA.5	Omikron	DN.1.1		VOC
BA.5	Omikron	DN.1.1.1		VOC
BA.5	Omikron	DN.1.1.2		VOC
BA.5	Omikron	DN.1.1.3		VOC
BA.5	Omikron	DN.1.1.4		VOC
BA.5	Omikron	DN.2		VOC
BA.5	Omikron	DN.3		VOC
BA.5	Omikron	DN.3.1		VOC
BA.5	Omikron	DP.1		VOC
BA.5	Omikron	DQ.1		VOC
BA.5	Omikron	DR.1		VOC
BA.5	Omikron	DR.2		VOC
BA.5	Omikron	DT.1		VOC
BA.5	Omikron	DT.2		VOC
BA.5	Omikron	DT.3		VOC
BA.5	Omikron	DU.1		VOC
BA.5	Omikron	DW.1		VOC
BA.5	Omikron	DY.1		VOC
BA.5	Omikron	DY.1.1		VOC
BA.5	Omikron	DY.2		VOC
BA.5	Omikron	DY.3		VOC
BA.5	Omikron	DY.4		VOC
BA.5	Omikron	DZ.1		VOC
BA.5	Omikron	DZ.2		VOC
BA.5	Omikron	EA.1		VOC
BA.5	Omikron	EA.2		VOC
BA.5	Omikron	EB.1		VOC
BA.5	Omikron	EC.1		VOC
BA.5	Omikron	EC.1.1		VOC
BA.5	Omikron	ED.1		VOC
BA.5	Omikron	ED.2		VOC
BA.5	Omikron	ED.3		VOC
BA.5	Omikron	EE.1		VOC
BA.5	Omikron	EE.2		VOC
BA.5	Omikron	EE.3		VOC
BA.5	Omikron	EE.4		VOC
BA.5	Omikron	EE.5		VOC
BA.5	Omikron	EF.1		VOC
BA.5	Omikron	EF.1.1		VOC
BA.5	Omikron	EF.1.1.1		VOC
BA.5	Omikron	EF.1.2		VOC
BA.5	Omikron	EF.1.3		VOC
BA.5	Omikron	EF.2		VOC
BA.5	Omikron	EF.3		VOC
BA.5	Omikron	EH.1		VOC
BA.5	Omikron	EN.1		VOC
BA.5	Omikron	EN.1.1		VOC
BA.5	Omikron	EQ.1		VOC
BA.5	Omikron	ER.1		VOC
BA.5	Omikron	ER.1.1		VOC
BA.5	Omikron	ES.1		VOC
BA.5	Omikron	ET.1		VOC
BA.5	Omikron	EV.1		VOC
BA.5	Omikron	EW.1		VOC
BA.5	Omikron	EW.2		VOC
BA.5	Omikron	EW.3		VOC
BA.5	Omikron	EY.1		VOC
BA.5	Omikron	EZ.1		VOC
BA.5	Omikron	FA.1		VOC
BA.5	Omikron	FA.2		VOC
BA.5	Omikron	FB.1		VOC
BA.5	Omikron	FB.2		VOC
BA.5	Omikron	FC.1		VOC
BA.5	Omikron	FF.1		VOC
BA.5	Omikron	FM.1		VOC
BA.5	Omikron	FM.2		VOC
BA.5	Omikron	FN.1		VOC
BA.5	Omikron	FQ.1		VOC
BA.5	Omikron	JH.1		VOC
BA.5	Omikron	JH.2		VOC
X	Rekombinant	EG.1		VOC
X	Rekombinant	EG.1.1		VOC
X	Rekombinant	EG.1.2		VOC
X	Rekombinant	EG.1.3		VOC
X	Rekombinant	EG.1.4		VOC
X	Rekombinant	EG.1.4.1		VOC
X	Rekombinant	EG.1.5		VOC
X	Rekombinant	EG.1.6		VOC
X	Rekombinant	EG.1.7		VOC
X	Rekombinant	EG.1.8		VOC
X	Rekombinant	EG.10		VOC
X	Rekombinant	EG.10.1		VOC
X	Rekombinant	EG.10.1.1		VOC
X	Rekombinant	EG.11		VOC
X	Rekombinant	EG.12		VOC
X	Rekombinant	EG.13		VOC
X	Rekombinant	EG.14		VOC
X	Rekombinant	EG.2		VOC
X	Rekombinant	EG.2.1		VOC
X	Rekombinant	EG.2.2		VOC
X	Rekombinant	EG.2.3		VOC
X	Rekombinant	EG.2.4		VOC
X	Rekombinant	EG.2.5		VOC
X	Rekombinant	EG.3		VOC
X	Rekombinant	EG.4		VOC
X	Rekombinant	EG.4.1		VOC
X	Rekombinant	EG.4.2		VOC
X	Rekombinant	EG.4.3		VOC
X	Rekombinant	EG.4.4		VOC
X	Rekombinant	EG.4.5		VOC
X	Rekombinant	EG.5		VOC
X	Rekombinant	EG.5.1		VOC
X	Rekombinant	EG.5.1.1		VOC
X	Rekombinant	EG.5.1.10		VOC
X	Rekombinant	EG.5.1.11		VOC
X	Rekombinant	EG.5.1.12		VOC
X	Rekombinant	EG.5.1.13		VOC
X	Rekombinant	EG.5.1.14		VOC
X	Rekombinant	EG.5.1.15		VOC
X	Rekombinant	EG.5.1.16		VOC
X	Rekombinant	EG.5.1.17		VOC
X	Rekombinant	EG.5.1.18		VOC
X	Rekombinant	EG.5.1.19		VOC
X	Rekombinant	EG.5.1.2		VOC
X	Rekombinant	EG.5.1.3		VOC
X	Rekombinant	EG.5.1.4		VOC
X	Rekombinant	EG.5.1.5		VOC
X	Rekombinant	EG.5.1.6		VOC
X	Rekombinant	EG.5.1.7		VOC
X	Rekombinant	EG.5.1.8		VOC
X	Rekombinant	EG.5.1.9		VOC
X	Rekombinant	EG.5.2		VOC
X	Rekombinant	EG.5.2.1		VOC
X	Rekombinant	EG.5.2.2		VOC
X	Rekombinant	EG.5.2.3		VOC
X	Rekombinant	EG.5.2.4		VOC
X	Rekombinant	EG.6		VOC
X	Rekombinant	EG.6.1		VOC
X	Rekombinant	EG.6.1.1		VOC
X	Rekombinant	EG.6.1.2		VOC
X	Rekombinant	EG.7		VOC
X	Rekombinant	EG.8		VOC
X	Rekombinant	EG.9		VOC
X	Rekombinant	EG.9.1		VOC
X	Rekombinant	EK.1		VOC
X	Rekombinant	EK.2		VOC
X	Rekombinant	EK.2.1		VOC
X	Rekombinant	EK.3		VOC
X	Rekombinant	EK.4		VOC
X	Rekombinant	EL.1		VOC
X	Rekombinant	EM.1		VOC
X	Rekombinant	EU.1		VOC
X	Rekombinant	EU.1.1		VOC
X	Rekombinant	EU.1.1.1		VOC
X	Rekombinant	EU.1.1.2		VOC
X	Rekombinant	EU.1.1.3		VOC
X	Rekombinant	FD.1		VOC
X	Rekombinant	FD.1.1		VOC
X	Rekombinant	FD.2		VOC
X	Rekombinant	FD.2.1		VOC
X	Rekombinant	FD.3		VOC
X	Rekombinant	FD.4		VOC
X	Rekombinant	FD.4.1		VOC
X	Rekombinant	FD.5		VOC
X	Rekombinant	FD.5.1		VOC
X	Rekombinant	FE.1		VOC
X	Rekombinant	FE.1.1		VOC
X	Rekombinant	FE.1.1.1		VOC
X	Rekombinant	FE.1.1.2		VOC
X	Rekombinant	FE.1.1.3		VOC
X	Rekombinant	FE.1.1.4		VOC
X	Rekombinant	FE.1.1.5		VOC
X	Rekombinant	FE.1.2		VOC
X	Rekombinant	FG.1		VOC
X	Rekombinant	FG.2		VOC
X	Rekombinant	FG.3		VOC
X	Rekombinant	FH.1		VOC
X	Rekombinant	FL.1		VOC
X	Rekombinant	FL.1.1		VOC
X	Rekombinant	FL.1.1.1		VOC
X	Rekombinant	FL.1.2		VOC
X	Rekombinant	FL.1.3		VOC
X	Rekombinant	FL.1.4		VOC
X	Rekombinant	FL.1.5		VOC
X	Rekombinant	FL.1.5.1		VOC
X	Rekombinant	FL.1.5.2		VOC
X	Rekombinant	FL.1.6		VOC
X	Rekombinant	FL.1.7		VOC
X	Rekombinant	FL.1.8		VOC
X	Rekombinant	FL.10		VOC
X	Rekombinant	FL.10.1		VOC
X	Rekombinant	FL.10.2		VOC
X	Rekombinant	FL.10.3		VOC
X	Rekombinant	FL.11		VOC
X	Rekombinant	FL.12		VOC
X	Rekombinant	FL.13		VOC
X	Rekombinant	FL.13.1		VOC
X	Rekombinant	FL.13.2		VOC
X	Rekombinant	FL.13.2.1		VOC
X	Rekombinant	FL.13.3		VOC
X	Rekombinant	FL.13.3.1		VOC
X	Rekombinant	FL.13.4		VOC
X	Rekombinant	FL.13.4.1		VOC
X	Rekombinant	FL.13.5		VOC
X	Rekombinant	FL.14		VOC
X	Rekombinant	FL.15		VOC
X	Rekombinant	FL.15.1		VOC
X	Rekombinant	FL.15.1.1		VOC
X	Rekombinant	FL.15.2		VOC
X	Rekombinant	FL.15.3		VOC
X	Rekombinant	FL.15.4		VOC
X	Rekombinant	FL.16		VOC
X	Rekombinant	FL.17		VOC
X	Rekombinant	FL.17.1		VOC
X	Rekombinant	FL.17.2		VOC
X	Rekombinant	FL.18		VOC
X	Rekombinant	FL.18.1		VOC
X	Rekombinant	FL.18.1.1		VOC
X	Rekombinant	FL.19		VOC
X	Rekombinant	FL.19.1		VOC
X	Rekombinant	FL.2		VOC
X	Rekombinant	FL.2.1		VOC
X	Rekombinant	FL.2.2		VOC
X	Rekombinant	FL.2.2.1		VOC
X	Rekombinant	FL.2.3		VOC
X	Rekombinant	FL.2.3.1		VOC
X	Rekombinant	FL.2.4		VOC
X	Rekombinant	FL.2.5		VOC
X	Rekombinant	FL.2.6		VOC
X	Rekombinant	FL.2.7		VOC
X	Rekombinant	FL.2.7.1		VOC
X	Rekombinant	FL.20		VOC
X	Rekombinant	FL.20.1		VOC
X	Rekombinant	FL.20.2		VOC
X	Rekombinant	FL.21		VOC
X	Rekombinant	FL.21.1		VOC
X	Rekombinant	FL.21.2		VOC
X	Rekombinant	FL.22		VOC
X	Rekombinant	FL.23		VOC
X	Rekombinant	FL.23.1		VOC
X	Rekombinant	FL.23.2		VOC
X	Rekombinant	FL.23.2.1		VOC
X	Rekombinant	FL.24		VOC
X	Rekombinant	FL.24.1		VOC
X	Rekombinant	FL.25		VOC
X	Rekombinant	FL.26		VOC
X	Rekombinant	FL.26.1		VOC
X	Rekombinant	FL.27		VOC
X	Rekombinant	FL.28		VOC
X	Rekombinant	FL.29		VOC
X	Rekombinant	FL.3		VOC
X	Rekombinant	FL.3.1		VOC
X	Rekombinant	FL.3.2		VOC
X	Rekombinant	FL.3.3		VOC
X	Rekombinant	FL.3.4		VOC
X	Rekombinant	FL.30		VOC
X	Rekombinant	FL.30.1		VOC
X	Rekombinant	FL.31		VOC
X	Rekombinant	FL.31.1		VOC
X	Rekombinant	FL.32		VOC
X	Rekombinant	FL.32.1		VOC
X	Rekombinant	FL.33		VOC
X	Rekombinant	FL.33.1		VOC
X	Rekombinant	FL.34		VOC
X	Rekombinant	FL.35		VOC
X	Rekombinant	FL.35.1		VOC
X	Rekombinant	FL.36		VOC
X	Rekombinant	FL.37		VOC
X	Rekombinant	FL.38		VOC
X	Rekombinant	FL.39		VOC
X	Rekombinant	FL.39.1		VOC
X	Rekombinant	FL.4		VOC
X	Rekombinant	FL.4.1		VOC
X	Rekombinant	FL.4.1.1		VOC
X	Rekombinant	FL.4.10		VOC
X	Rekombinant	FL.4.11		VOC
X	Rekombinant	FL.4.2		VOC
X	Rekombinant	FL.4.3		VOC
X	Rekombinant	FL.4.4		VOC
X	Rekombinant	FL.4.5		VOC
X	Rekombinant	FL.4.6		VOC
X	Rekombinant	FL.4.7		VOC
X	Rekombinant	FL.4.8		VOC
X	Rekombinant	FL.4.9		VOC
X	Rekombinant	FL.40		VOC
X	Rekombinant	FL.5		VOC
X	Rekombinant	FL.5.1		VOC
X	Rekombinant	FL.6		VOC
X	Rekombinant	FL.7		VOC
X	Rekombinant	FL.8		VOC
X	Rekombinant	FL.9		VOC
X	Rekombinant	FP.1		VOC
X	Rekombinant	FP.2		VOC
X	Rekombinant	FP.2.1		VOC
X	Rekombinant	FP.2.1.1		VOC
X	Rekombinant	FP.2.1.2		VOC
X	Rekombinant	FP.3		VOC
X	Rekombinant	FP.4		VOC
X	Rekombinant	FT.1		VOC
X	Rekombinant	FT.2		VOC
X	Rekombinant	FT.3		VOC
X	Rekombinant	FT.3.1		VOC
X	Rekombinant	FT.3.1.1		VOC
X	Rekombinant	FT.4		VOC
X	Rekombinant	FU.1		VOC
X	Rekombinant	FU.1.1		VOC
X	Rekombinant	FU.1.1.1		VOC
X	Rekombinant	FU.2		VOC
X	Rekombinant	FU.2.1		VOC
X	Rekombinant	FU.3		VOC
X	Rekombinant	FU.3.1		VOC
X	Rekombinant	FU.4		VOC
X	Rekombinant	FU.5		VOC
X	Rekombinant	FW.1		VOC
X	Rekombinant	FW.1.1		VOC
X	Rekombinant	FW.1.1.1		VOC
X	Rekombinant	FW.2		VOC
X	Rekombinant	FW.3		VOC
X	Rekombinant	FY.1		VOC
X	Rekombinant	FY.1.1		VOC
X	Rekombinant	FY.1.2		VOC
X	Rekombinant	FY.1.2.1		VOC
X	Rekombinant	FY.1.2.2		VOC
X	Rekombinant	FY.1.2.3		VOC
X	Rekombinant	FY.1.3		VOC
X	Rekombinant	FY.1.4		VOC
X	Rekombinant	FY.1.4.1		VOC
X	Rekombinant	FY.2		VOC
X	Rekombinant	FY.2.1		VOC
X	Rekombinant	FY.3		VOC
X	Rekombinant	FY.3.1		VOC
X	Rekombinant	FY.3.2		VOC
X	Rekombinant	FY.3.3		VOC
X	Rekombinant	FY.4		VOC
X	Rekombinant	FY.4.1		VOC
X	Rekombinant	FY.4.1.1		VOC
X	Rekombinant	FY.4.1.2		VOC
X	Rekombinant	FY.4.2		VOC
X	Rekombinant	FY.5		VOC
X	Rekombinant	FY.5.1		VOC
X	Rekombinant	FY.5.1.1		VOC
X	Rekombinant	FY.5.2		VOC
X	Rekombinant	FY.5.3		VOC
X	Rekombinant	FY.5.4		VOC
X	Rekombinant	FY.5.5		VOC
X	Rekombinant	FY.5.5.1		VOC
X	Rekombinant	FY.6		VOC
X	Rekombinant	FY.6.1		VOC
X	Rekombinant	FY.6.2		VOC
X	Rekombinant	FY.7		VOC
X	Rekombinant	FY.8		VOC
X	Rekombinant	FY.8.1		VOC
X	Rekombinant	FY.8.1.1		VOC
X	Rekombinant	FY.9		VOC
X	Rekombinant	FZ.1		VOC
X	Rekombinant	FZ.1.1		VOC
X	Rekombinant	FZ.2		VOC
X	Rekombinant	GA.1		VOC
X	Rekombinant	GA.10		VOC
X	Rekombinant	GA.10.1		VOC
X	Rekombinant	GA.2		VOC
X	Rekombinant	GA.2.1		VOC
X	Rekombinant	GA.2.1.1		VOC
X	Rekombinant	GA.3		VOC
X	Rekombinant	GA.4		VOC
X	Rekombinant	GA.4.1		VOC
X	Rekombinant	GA.4.1.1		VOC
X	Rekombinant	GA.4.1.2		VOC
X	Rekombinant	GA.4.1.3		VOC
X	Rekombinant	GA.4.2		VOC
X	Rekombinant	GA.4.3		VOC
X	Rekombinant	GA.5		VOC
X	Rekombinant	GA.6		VOC
X	Rekombinant	GA.6.1		VOC
X	Rekombinant	GA.7		VOC
X	Rekombinant	GA.7.1		VOC
X	Rekombinant	GA.7.2		VOC
X	Rekombinant	GA.8		VOC
X	Rekombinant	GA.8.1		VOC
X	Rekombinant	GA.9		VOC
X	Rekombinant	GB.1		VOC
X	Rekombinant	GB.2		VOC
X	Rekombinant	GC.1		VOC
X	Rekombinant	GC.2		VOC
X	Rekombinant	GD.1		VOC
X	Rekombinant	GD.2		VOC
X	Rekombinant	GD.3		VOC
X	Rekombinant	GE.1		VOC
X	Rekombinant	GE.1.1		VOC
X	Rekombinant	GE.1.2		VOC
X	Rekombinant	GE.1.2.1		VOC
X	Rekombinant	GE.1.2.2		VOC
X	Rekombinant	GE.1.3		VOC
X	Rekombinant	GE.1.4		VOC
X	Rekombinant	GE.1.5		VOC
X	Rekombinant	GE.1.6		VOC
X	Rekombinant	GF.1		VOC
X	Rekombinant	GG.1		VOC
X	Rekombinant	GH.1		VOC
X	Rekombinant	GJ.1		VOC
X	Rekombinant	GJ.1.1		VOC
X	Rekombinant	GJ.1.2		VOC
X	Rekombinant	GJ.1.2.1		VOC
X	Rekombinant	GJ.1.2.2		VOC
X	Rekombinant	GJ.1.2.3		VOC
X	Rekombinant	GJ.1.2.4		VOC
X	Rekombinant	GJ.1.2.5		VOC
X	Rekombinant	GJ.1.2.6		VOC
X	Rekombinant	GJ.1.2.7		VOC
X	Rekombinant	GJ.1.2.8		VOC
X	Rekombinant	GJ.2		VOC
X	Rekombinant	GJ.3		VOC
X	Rekombinant	GJ.4		VOC
X	Rekombinant	GJ.5		VOC
X	Rekombinant	GJ.5.1		VOC
X	Rekombinant	GJ.6		VOC
X	Rekombinant	GJ.7		VOC
X	Rekombinant	GK.1		VOC
X	Rekombinant	GK.1.1		VOC
X	Rekombinant	GK.1.1.1		VOC
X	Rekombinant	GK.1.10		VOC
X	Rekombinant	GK.1.10.1		VOC
X	Rekombinant	GK.1.11		VOC
X	Rekombinant	GK.1.11.1		VOC
X	Rekombinant	GK.1.2		VOC
X	Rekombinant	GK.1.2.1		VOC
X	Rekombinant	GK.1.3		VOC
X	Rekombinant	GK.1.4		VOC
X	Rekombinant	GK.1.5		VOC
X	Rekombinant	GK.1.6		VOC
X	Rekombinant	GK.1.6.1		VOC
X	Rekombinant	GK.1.7		VOC
X	Rekombinant	GK.1.8		VOC
X	Rekombinant	GK.1.8.1		VOC
X	Rekombinant	GK.1.9		VOC
X	Rekombinant	GK.10		VOC
X	Rekombinant	GK.11		VOC
X	Rekombinant	GK.12		VOC
X	Rekombinant	GK.2		VOC
X	Rekombinant	GK.2.1		VOC
X	Rekombinant	GK.2.1.1		VOC
X	Rekombinant	GK.2.2		VOC
X	Rekombinant	GK.2.3		VOC
X	Rekombinant	GK.2.4		VOC
X	Rekombinant	GK.3		VOC
X	Rekombinant	GK.3.1		VOC
X	Rekombinant	GK.3.2		VOC
X	Rekombinant	GK.4		VOC
X	Rekombinant	GK.5		VOC
X	Rekombinant	GK.5.1		VOC
X	Rekombinant	GK.6		VOC
X	Rekombinant	GK.7		VOC
X	Rekombinant	GK.8		VOC
X	Rekombinant	GK.8.1		VOC
X	Rekombinant	GK.9		VOC
X	Rekombinant	GL.1		VOC
X	Rekombinant	GL.2		VOC
X	Rekombinant	GL.3		VOC
X	Rekombinant	GM.1		VOC
X	Rekombinant	GM.2		VOC
X	Rekombinant	GM.3		VOC
X	Rekombinant	GM.3.1		VOC
X	Rekombinant	GN.1		VOC
X	Rekombinant	GN.1.1		VOC
X	Rekombinant	GN.1.2		VOC
X	Rekombinant	GN.1.3		VOC
X	Rekombinant	GN.1.4		VOC
X	Rekombinant	GN.2		VOC
X	Rekombinant	GN.3		VOC
X	Rekombinant	GN.4		VOC
X	Rekombinant	GN.5		VOC
X	Rekombinant	GR.1		VOC
X	Rekombinant	GS.1		VOC
X	Rekombinant	GS.2		VOC
X	Rekombinant	GS.3		VOC
X	Rekombinant	GS.4		VOC
X	Rekombinant	GS.4.1		VOC
X	Rekombinant	GS.4.1.1		VOC
X	Rekombinant	GS.5		VOC
X	Rekombinant	GS.6		VOC
X	Rekombinant	GS.7		VOC
X	Rekombinant	GS.7.1		VOC
X	Rekombinant	GS.8		VOC
X	Rekombinant	GT.1		VOC
X	Rekombinant	GU.1		VOC
X	Rekombinant	GV.1		VOC
X	Rekombinant	GW.1		VOC
X	Rekombinant	GW.1.1		VOC
X	Rekombinant	GW.2		VOC
X	Rekombinant	GW.3		VOC
X	Rekombinant	GW.4		VOC
X	Rekombinant	GW.5		VOC
X	Rekombinant	GW.5.1		VOC
X	Rekombinant	GW.5.1.1		VOC
X	Rekombinant	GW.5.2		VOC
X	Rekombinant	GW.5.3		VOC
X	Rekombinant	GW.5.3.1		VOC
X	Rekombinant	GY.1		VOC
X	Rekombinant	GY.1.1		VOC
X	Rekombinant	GY.1.1.1		VOC
X	Rekombinant	GY.2		VOC
X	Rekombinant	GY.2.1		VOC
X	Rekombinant	GY.3		VOC
X	Rekombinant	GY.4		VOC
X	Rekombinant	GY.5		VOC
X	Rekombinant	GY.6		VOC
X	Rekombinant	GY.7		VOC
X	Rekombinant	GY.8		VOC
X	Rekombinant	GY.9		VOC
X	Rekombinant	GZ.1		VOC
X	Rekombinant	HA.1		VOC
X	Rekombinant	HA.2		VOC
X	Rekombinant	HB.1		VOC
X	Rekombinant	HC.1		VOC
X	Rekombinant	HC.2		VOC
X	Rekombinant	HC.3		VOC
X	Rekombinant	HC.4		VOC
X	Rekombinant	HD.1		VOC
X	Rekombinant	HD.1.1		VOC
X	Rekombinant	HE.1		VOC
X	Rekombinant	HE.2		VOC
X	Rekombinant	HF.1		VOC
X	Rekombinant	HF.1.1		VOC
X	Rekombinant	HF.1.2		VOC
X	Rekombinant	HG.1		VOC
X	Rekombinant	HG.1.1		VOC
X	Rekombinant	HG.2		VOC
X	Rekombinant	HG.3		VOC
X	Rekombinant	HH.1		VOC
X	Rekombinant	HH.1.1		VOC
X	Rekombinant	HH.2		VOC
X	Rekombinant	HH.2.1		VOC
X	Rekombinant	HH.3		VOC
X	Rekombinant	HH.4		VOC
X	Rekombinant	HH.5		VOC
X	Rekombinant	HH.6		VOC
X	Rekombinant	HH.7		VOC
X	Rekombinant	HH.8		VOC
X	Rekombinant	HH.8.1		VOC
X	Rekombinant	HJ.1		VOC
X	Rekombinant	HK.1		VOC
X	Rekombinant	HK.1.2		VOC
X	Rekombinant	HK.11		VOC
X	Rekombinant	HK.11.1		VOC
X	Rekombinant	HK.12		VOC
X	Rekombinant	HK.13		VOC
X	Rekombinant	HK.13.1		VOC
X	Rekombinant	HK.13.2		VOC
X	Rekombinant	HK.13.2.1		VOC
X	Rekombinant	HK.14		VOC
X	Rekombinant	HK.15		VOC
X	Rekombinant	HK.16		VOC
X	Rekombinant	HK.17		VOC
X	Rekombinant	HK.18		VOC
X	Rekombinant	HK.19		VOC
X	Rekombinant	HK.2		VOC
X	Rekombinant	HK.2.1		VOC
X	Rekombinant	HK.20		VOC
X	Rekombinant	HK.20.1		VOC
X	Rekombinant	HK.21		VOC
X	Rekombinant	HK.22		VOC
X	Rekombinant	HK.23		VOC
X	Rekombinant	HK.23.1		VOC
X	Rekombinant	HK.23.1.1		VOC
X	Rekombinant	HK.24		VOC
X	Rekombinant	HK.24.1		VOC
X	Rekombinant	HK.25		VOC
X	Rekombinant	HK.26		VOC
X	Rekombinant	HK.26.1		VOC
X	Rekombinant	HK.27		VOC
X	Rekombinant	HK.27.1		VOC
X	Rekombinant	HK.27.1.1		VOC
X	Rekombinant	HK.28		VOC
X	Rekombinant	HK.29		VOC
X	Rekombinant	HK.3		VOC
X	Rekombinant	HK.3.1		VOC
X	Rekombinant	HK.3.10		VOC
X	Rekombinant	HK.3.11		VOC
X	Rekombinant	HK.3.12		VOC
X	Rekombinant	HK.3.13		VOC
X	Rekombinant	HK.3.14		VOC
X	Rekombinant	HK.3.2		VOC
X	Rekombinant	HK.3.2.1		VOC
X	Rekombinant	HK.3.2.2		VOC
X	Rekombinant	HK.3.3		VOC
X	Rekombinant	HK.3.4		VOC
X	Rekombinant	HK.3.5		VOC
X	Rekombinant	HK.3.6		VOC
X	Rekombinant	HK.3.7		VOC
X	Rekombinant	HK.3.8		VOC
X	Rekombinant	HK.3.9		VOC
X	Rekombinant	HK.30		VOC
X	Rekombinant	HK.31		VOC
X	Rekombinant	HK.32		VOC
X	Rekombinant	HK.33		VOC
X	Rekombinant	HK.34		VOC
X	Rekombinant	HK.34.1		VOC
X	Rekombinant	HK.4		VOC
X	Rekombinant	HK.5		VOC
X	Rekombinant	HK.6		VOC
X	Rekombinant	HK.7		VOC
X	Rekombinant	HK.8		VOC
X	Rekombinant	HK.8.1		VOC
X	Rekombinant	HK.9		VOC
X	Rekombinant	HL.1		VOC
X	Rekombinant	HL.2		VOC
X	Rekombinant	HM.1		VOC
X	Rekombinant	HN.1		VOC
X	Rekombinant	HN.2		VOC
X	Rekombinant	HN.2.1		VOC
X	Rekombinant	HN.3		VOC
X	Rekombinant	HN.3.1		VOC
X	Rekombinant	HN.4		VOC
X	Rekombinant	HN.4.1		VOC
X	Rekombinant	HN.4.1.1		VOC
X	Rekombinant	HN.4.2		VOC
X	Rekombinant	HN.5		VOC
X	Rekombinant	HN.6		VOC
X	Rekombinant	HN.7		VOC
X	Rekombinant	HN.8		VOC
X	Rekombinant	HP.1		VOC
X	Rekombinant	HP.1.1		VOC
X	Rekombinant	HQ.1		VOC
X	Rekombinant	HR.1		VOC
X	Rekombinant	HR.1.1		VOC
X	Rekombinant	HS.1		VOC
X	Rekombinant	HS.1.1		VOC
X	Rekombinant	HT.1		VOC
X	Rekombinant	HT.2		VOC
X	Rekombinant	HU.1		VOC
X	Rekombinant	HU.1.1		VOC
X	Rekombinant	HU.2		VOC
X	Rekombinant	HV.1		VOC
X	Rekombinant	HV.1.1		VOC
X	Rekombinant	HV.1.10		VOC
X	Rekombinant	HV.1.11		VOC
X	Rekombinant	HV.1.2		VOC
X	Rekombinant	HV.1.3		VOC
X	Rekombinant	HV.1.4		VOC
X	Rekombinant	HV.1.5		VOC
X	Rekombinant	HV.1.6		VOC
X	Rekombinant	HV.1.6.1		VOC
X	Rekombinant	HV.1.7		VOC
X	Rekombinant	HV.1.8		VOC
X	Rekombinant	HV.1.9		VOC
X	Rekombinant	HV.2		VOC
X	Rekombinant	HW.1		VOC
X	Rekombinant	HW.1.1		VOC
X	Rekombinant	HW.1.2		VOC
X	Rekombinant	HW.1.3		VOC
X	Rekombinant	HY.1		VOC
X	Rekombinant	HZ.1		VOC
X	Rekombinant	HZ.2		VOC
X	Rekombinant	HZ.3		VOC
X	Rekombinant	JA.1		VOC
X	Rekombinant	JB.1		VOC
X	Rekombinant	JB.1.1		VOC
X	Rekombinant	JB.2		VOC
X	Rekombinant	JB.2.1		VOC
X	Rekombinant	JC.1		VOC
X	Rekombinant	JC.2		VOC
X	Rekombinant	JC.3		VOC
X	Rekombinant	JC.4		VOC
X	Rekombinant	JC.5		VOC
X	Rekombinant	JC.5.1		VOC
X	Rekombinant	JC.6		VOC
X	Rekombinant	JD.1		VOC
X	Rekombinant	JD.1.1		VOC
X	Rekombinant	JD.1.1.1		VOC
X	Rekombinant	JD.1.1.2		VOC
X	Rekombinant	JD.1.1.3		VOC
X	Rekombinant	JD.1.1.4		VOC
X	Rekombinant	JD.1.1.5		VOC
X	Rekombinant	JD.1.1.6		VOC
X	Rekombinant	JD.1.1.7		VOC
X	Rekombinant	JD.1.1.8		VOC
X	Rekombinant	JD.1.2		VOC
X	Rekombinant	JD.1.2.1		VOC
X	Rekombinant	JD.1.2.2		VOC
X	Rekombinant	JD.2		VOC
X	Rekombinant	JD.2.1		VOC
X	Rekombinant	JE.1		VOC
X	Rekombinant	JE.1.1		VOC
X	Rekombinant	JE.1.1.1		VOC
X	Rekombinant	JF.1		VOC
X	Rekombinant	JF.1.1		VOC
X	Rekombinant	JF.1.1.1		VOC
X	Rekombinant	JF.1.1.2		VOC
X	Rekombinant	JF.2		VOC
X	Rekombinant	JF.3		VOC
X	Rekombinant	JF.4		VOC
X	Rekombinant	JG.1		VOC
X	Rekombinant	JG.2		VOC
X	Rekombinant	JG.3		VOC
X	Rekombinant	JG.3.1		VOC
X	Rekombinant	JG.3.2		VOC
X	Rekombinant	JG.3.3		VOC
X	Rekombinant	JG.3.4		VOC
X	Rekombinant	JG.4		VOC
X	Rekombinant	JJ.1		VOC
X	Rekombinant	JK.1		VOC
X	Rekombinant	JM.1		VOC
X	Rekombinant	JM.2		VOC
X	Rekombinant	JR.1		VOC
X	Rekombinant	JR.1.1		VOC
X	Rekombinant	JR.1.1.1		VOC
X	Rekombinant	JS.1		VOC
X	Rekombinant	JS.2		VOC
X	Rekombinant	JT.1		VOC
X	Rekombinant	JU.1		VOC
X	Rekombinant	JW.1		VOC
X	Rekombinant	JW.1.1		VOC
X	Rekombinant	JY.1		VOC
X	Rekombinant	JY.1.1		VOC
X	Rekombinant	JZ.1		VOC
X	Rekombinant	KA.1		VOC
X	Rekombinant	KB.1		VOC
X	Rekombinant	KB.2		VOC
X	Rekombinant	KB.3		VOC
X	Rekombinant	KB.4		VOC
X	Rekombinant	KC.1		VOC
X	Rekombinant	KC.1.1		VOC
X	Rekombinant	KD.1		VOC
X	Rekombinant	KD.2		VOC
X	Rekombinant	KD.3		VOC
X	Rekombinant	KD.4		VOC
X	Rekombinant	KE.1		VOC
X	Rekombinant	KE.2		VOC
X	Rekombinant	KE.3		VOC
X	Rekombinant	KF.1		VOC
X	Rekombinant	KF.2		VOC
X	Rekombinant	KH.1		VOC
X	Rekombinant	KJ.1		VOC
X	Rekombinant	KK.1		VOC
X	Rekombinant	KK.2		VOC
X	Rekombinant	KL.1		VOC
X	Rekombinant	KL.1.1		VOC
X	Rekombinant	KM.1		VOC
X	Rekombinant	KN.1		VOC
X	Rekombinant	KN.1.1		VOC
X	Rekombinant	KT.1		VOC
X	Rekombinant	KT.1.1		VOC
X	Rekombinant	KT.1.2		VOC
X	Rekombinant	XA		VOC
X	Rekombinant	XAA		VOC
X	Rekombinant	XAB		VOC
X	Rekombinant	XAC		VOC
X	Rekombinant	XAD		VOC
X	Rekombinant	XAE		VOC
X	Rekombinant	XAF		VOC
X	Rekombinant	XAG		VOC
X	Rekombinant	XAH		VOC
X	Rekombinant	XAJ		VOC
X	Rekombinant	XAK		VOC
X	Rekombinant	XAL		VOC
X	Rekombinant	XAM		VOC
X	Rekombinant	XAN		VOC
X	Rekombinant	XAP		VOC
X	Rekombinant	XAQ		VOC
X	Rekombinant	XAR		VOC
X	Rekombinant	XAS		VOC
X	Rekombinant	XAT		VOC
X	Rekombinant	XAU		VOC
X	Rekombinant	XAV		VOC
X	Rekombinant	XAW		VOC
X	Rekombinant	XAY		VOC
X	Rekombinant	XAY.1		VOC
X	Rekombinant	XAY.1.1		VOC
X	Rekombinant	XAY.1.1.1		VOC
X	Rekombinant	XAY.1.1.2		VOC
X	Rekombinant	XAY.1.1.3		VOC
X	Rekombinant	XAY.1.2		VOC
X	Rekombinant	XAY.2		VOC
X	Rekombinant	XAY.2.1		VOC
X	Rekombinant	XAY.2.2		VOC
X	Rekombinant	XAY.2.3		VOC
X	Rekombinant	XAY.3		VOC
X	Rekombinant	XAZ		VOC
X	Rekombinant	XB		VOC
X	Rekombinant	XBA		VOC
X	Rekombinant	XBB		VOC
X	Rekombinant	XBB.1		VOC
X	Rekombinant	XBB.1.1		VOC
X	Rekombinant	XBB.1.10		VOC
X	Rekombinant	XBB.1.11		VOC
X	Rekombinant	XBB.1.11.1		VOC
X	Rekombinant	XBB.1.12		VOC
X	Rekombinant	XBB.1.12.1		VOC
X	Rekombinant	XBB.1.13		VOC
X	Rekombinant	XBB.1.13.1		VOC
X	Rekombinant	XBB.1.14		VOC
X	Rekombinant	XBB.1.14.1		VOC
X	Rekombinant	XBB.1.15		VOC
X	Rekombinant	XBB.1.15.1		VOC
X	Rekombinant	XBB.1.16		VOC
X	Rekombinant	XBB.1.16.1		VOC
X	Rekombinant	XBB.1.16.10		VOC
X	Rekombinant	XBB.1.16.11		VOC
X	Rekombinant	XBB.1.16.12		VOC
X	Rekombinant	XBB.1.16.13		VOC
X	Rekombinant	XBB.1.16.14		VOC
X	Rekombinant	XBB.1.16.15		VOC
X	Rekombinant	XBB.1.16.16		VOC
X	Rekombinant	XBB.1.16.17		VOC
X	Rekombinant	XBB.1.16.18		VOC
X	Rekombinant	XBB.1.16.19		VOC
X	Rekombinant	XBB.1.16.2		VOC
X	Rekombinant	XBB.1.16.20		VOC
X	Rekombinant	XBB.1.16.21		VOC
X	Rekombinant	XBB.1.16.22		VOC
X	Rekombinant	XBB.1.16.23		VOC
X	Rekombinant	XBB.1.16.24		VOC
X	Rekombinant	XBB.1.16.25		VOC
X	Rekombinant	XBB.1.16.26		VOC
X	Rekombinant	XBB.1.16.27		VOC
X	Rekombinant	XBB.1.16.28		VOC
X	Rekombinant	XBB.1.16.29		VOC
X	Rekombinant	XBB.1.16.3		VOC
X	Rekombinant	XBB.1.16.30		VOC
X	Rekombinant	XBB.1.16.31		VOC
X	Rekombinant	XBB.1.16.32		VOC
X	Rekombinant	XBB.1.16.4		VOC
X	Rekombinant	XBB.1.16.5		VOC
X	Rekombinant	XBB.1.16.6		VOC
X	Rekombinant	XBB.1.16.7		VOC
X	Rekombinant	XBB.1.16.8		VOC
X	Rekombinant	XBB.1.16.9		VOC
X	Rekombinant	XBB.1.17		VOC
X	Rekombinant	XBB.1.17.1		VOC
X	Rekombinant	XBB.1.17.2		VOC
X	Rekombinant	XBB.1.18		VOC
X	Rekombinant	XBB.1.18.1		VOC
X	Rekombinant	XBB.1.19		VOC
X	Rekombinant	XBB.1.19.1		VOC
X	Rekombinant	XBB.1.19.2		VOC
X	Rekombinant	XBB.1.2		VOC
X	Rekombinant	XBB.1.20		VOC
X	Rekombinant	XBB.1.21		VOC
X	Rekombinant	XBB.1.22		VOC
X	Rekombinant	XBB.1.22.1		VOC
X	Rekombinant	XBB.1.22.2		VOC
X	Rekombinant	XBB.1.22.3		VOC
X	Rekombinant	XBB.1.23		VOC
X	Rekombinant	XBB.1.24		VOC
X	Rekombinant	XBB.1.24.1		VOC
X	Rekombinant	XBB.1.24.2		VOC
X	Rekombinant	XBB.1.24.3		VOC
X	Rekombinant	XBB.1.25		VOC
X	Rekombinant	XBB.1.26		VOC
X	Rekombinant	XBB.1.27		VOC
X	Rekombinant	XBB.1.28		VOC
X	Rekombinant	XBB.1.28.1		VOC
X	Rekombinant	XBB.1.29		VOC
X	Rekombinant	XBB.1.3		VOC
X	Rekombinant	XBB.1.30		VOC
X	Rekombinant	XBB.1.31		VOC
X	Rekombinant	XBB.1.31.1		VOC
X	Rekombinant	XBB.1.31.2		VOC
X	Rekombinant	XBB.1.32		VOC
X	Rekombinant	XBB.1.32.1		VOC
X	Rekombinant	XBB.1.33		VOC
X	Rekombinant	XBB.1.34		VOC
X	Rekombinant	XBB.1.34.1		VOC
X	Rekombinant	XBB.1.34.2		VOC
X	Rekombinant	XBB.1.35		VOC
X	Rekombinant	XBB.1.36		VOC
X	Rekombinant	XBB.1.37		VOC
X	Rekombinant	XBB.1.37.1		VOC
X	Rekombinant	XBB.1.38		VOC
X	Rekombinant	XBB.1.38.1		VOC
X	Rekombinant	XBB.1.39		VOC
X	Rekombinant	XBB.1.4		VOC
X	Rekombinant	XBB.1.4.1		VOC
X	Rekombinant	XBB.1.4.2		VOC
X	Rekombinant	XBB.1.40		VOC
X	Rekombinant	XBB.1.41		VOC
X	Rekombinant	XBB.1.41.1		VOC
X	Rekombinant	XBB.1.41.2		VOC
X	Rekombinant	XBB.1.41.3		VOC
X	Rekombinant	XBB.1.42		VOC
X	Rekombinant	XBB.1.42.1		VOC
X	Rekombinant	XBB.1.42.2		VOC
X	Rekombinant	XBB.1.43		VOC
X	Rekombinant	XBB.1.43.1		VOC
X	Rekombinant	XBB.1.44		VOC
X	Rekombinant	XBB.1.44.1		VOC
X	Rekombinant	XBB.1.45		VOC
X	Rekombinant	XBB.1.45.1		VOC
X	Rekombinant	XBB.1.46		VOC
X	Rekombinant	XBB.1.47		VOC
X	Rekombinant	XBB.1.47.1		VOC
X	Rekombinant	XBB.1.48		VOC
X	Rekombinant	XBB.1.49		VOC
X	Rekombinant	XBB.1.5		VOC
X	Rekombinant	XBB.1.5.1		VOC
X	Rekombinant	XBB.1.5.10		VOC
X	Rekombinant	XBB.1.5.100		VOC
X	Rekombinant	XBB.1.5.101		VOC
X	Rekombinant	XBB.1.5.102		VOC
X	Rekombinant	XBB.1.5.103		VOC
X	Rekombinant	XBB.1.5.104		VOC
X	Rekombinant	XBB.1.5.105		VOC
X	Rekombinant	XBB.1.5.106		VOC
X	Rekombinant	XBB.1.5.107		VOC
X	Rekombinant	XBB.1.5.108		VOC
X	Rekombinant	XBB.1.5.109		VOC
X	Rekombinant	XBB.1.5.11		VOC
X	Rekombinant	XBB.1.5.110		VOC
X	Rekombinant	XBB.1.5.12		VOC
X	Rekombinant	XBB.1.5.13		VOC
X	Rekombinant	XBB.1.5.14		VOC
X	Rekombinant	XBB.1.5.15		VOC
X	Rekombinant	XBB.1.5.16		VOC
X	Rekombinant	XBB.1.5.17		VOC
X	Rekombinant	XBB.1.5.18		VOC
X	Rekombinant	XBB.1.5.19		VOC
X	Rekombinant	XBB.1.5.2		VOC
X	Rekombinant	XBB.1.5.20		VOC
X	Rekombinant	XBB.1.5.21		VOC
X	Rekombinant	XBB.1.5.22		VOC
X	Rekombinant	XBB.1.5.23		VOC
X	Rekombinant	XBB.1.5.24		VOC
X	Rekombinant	XBB.1.5.25		VOC
X	Rekombinant	XBB.1.5.26		VOC
X	Rekombinant	XBB.1.5.27		VOC
X	Rekombinant	XBB.1.5.28		VOC
X	Rekombinant	XBB.1.5.29		VOC
X	Rekombinant	XBB.1.5.3		VOC
X	Rekombinant	XBB.1.5.30		VOC
X	Rekombinant	XBB.1.5.31		VOC
X	Rekombinant	XBB.1.5.32		VOC
X	Rekombinant	XBB.1.5.33		VOC
X	Rekombinant	XBB.1.5.34		VOC
X	Rekombinant	XBB.1.5.35		VOC
X	Rekombinant	XBB.1.5.36		VOC
X	Rekombinant	XBB.1.5.37		VOC
X	Rekombinant	XBB.1.5.38		VOC
X	Rekombinant	XBB.1.5.39		VOC
X	Rekombinant	XBB.1.5.4		VOC
X	Rekombinant	XBB.1.5.40		VOC
X	Rekombinant	XBB.1.5.41		VOC
X	Rekombinant	XBB.1.5.42		VOC
X	Rekombinant	XBB.1.5.43		VOC
X	Rekombinant	XBB.1.5.44		VOC
X	Rekombinant	XBB.1.5.45		VOC
X	Rekombinant	XBB.1.5.46		VOC
X	Rekombinant	XBB.1.5.47		VOC
X	Rekombinant	XBB.1.5.48		VOC
X	Rekombinant	XBB.1.5.49		VOC
X	Rekombinant	XBB.1.5.5		VOC
X	Rekombinant	XBB.1.5.50		VOC
X	Rekombinant	XBB.1.5.51		VOC
X	Rekombinant	XBB.1.5.52		VOC
X	Rekombinant	XBB.1.5.53		VOC
X	Rekombinant	XBB.1.5.54		VOC
X	Rekombinant	XBB.1.5.55		VOC
X	Rekombinant	XBB.1.5.56		VOC
X	Rekombinant	XBB.1.5.57		VOC
X	Rekombinant	XBB.1.5.58		VOC
X	Rekombinant	XBB.1.5.59		VOC
X	Rekombinant	XBB.1.5.6		VOC
X	Rekombinant	XBB.1.5.60		VOC
X	Rekombinant	XBB.1.5.61		VOC
X	Rekombinant	XBB.1.5.62		VOC
X	Rekombinant	XBB.1.5.63		VOC
X	Rekombinant	XBB.1.5.64		VOC
X	Rekombinant	XBB.1.5.65		VOC
X	Rekombinant	XBB.1.5.66		VOC
X	Rekombinant	XBB.1.5.67		VOC
X	Rekombinant	XBB.1.5.68		VOC
X	Rekombinant	XBB.1.5.69		VOC
X	Rekombinant	XBB.1.5.7		VOC
X	Rekombinant	XBB.1.5.70		VOC
X	Rekombinant	XBB.1.5.71		VOC
X	Rekombinant	XBB.1.5.72		VOC
X	Rekombinant	XBB.1.5.73		VOC
X	Rekombinant	XBB.1.5.74		VOC
X	Rekombinant	XBB.1.5.75		VOC
X	Rekombinant	XBB.1.5.76		VOC
X	Rekombinant	XBB.1.5.77		VOC
X	Rekombinant	XBB.1.5.78		VOC
X	Rekombinant	XBB.1.5.79		VOC
X	Rekombinant	XBB.1.5.8		VOC
X	Rekombinant	XBB.1.5.80		VOC
X	Rekombinant	XBB.1.5.81		VOC
X	Rekombinant	XBB.1.5.82		VOC
X	Rekombinant	XBB.1.5.83		VOC
X	Rekombinant	XBB.1.5.84		VOC
X	Rekombinant	XBB.1.5.85		VOC
X	Rekombinant	XBB.1.5.86		VOC
X	Rekombinant	XBB.1.5.87		VOC
X	Rekombinant	XBB.1.5.88		VOC
X	Rekombinant	XBB.1.5.89		VOC
X	Rekombinant	XBB.1.5.9		VOC
X	Rekombinant	XBB.1.5.90		VOC
X	Rekombinant	XBB.1.5.91		VOC
X	Rekombinant	XBB.1.5.92		VOC
X	Rekombinant	XBB.1.5.93		VOC
X	Rekombinant	XBB.1.5.94		VOC
X	Rekombinant	XBB.1.5.95		VOC
X	Rekombinant	XBB.1.5.96		VOC
X	Rekombinant	XBB.1.5.97		VOC
X	Rekombinant	XBB.1.5.98		VOC
X	Rekombinant	XBB.1.5.99		VOC
X	Rekombinant	XBB.1.6		VOC
X	Rekombinant	XBB.1.7		VOC
X	Rekombinant	XBB.1.8		VOC
X	Rekombinant	XBB.1.9		VOC
X	Rekombinant	XBB.1.9.1		VOC
X	Rekombinant	XBB.1.9.2		VOC
X	Rekombinant	XBB.1.9.3		VOC
X	Rekombinant	XBB.1.9.4		VOC
X	Rekombinant	XBB.1.9.5		VOC
X	Rekombinant	XBB.1.9.6		VOC
X	Rekombinant	XBB.1.9.7		VOC
X	Rekombinant	XBB.2		VOC
X	Rekombinant	XBB.2.1		VOC
X	Rekombinant	XBB.2.10		VOC
X	Rekombinant	XBB.2.11		VOC
X	Rekombinant	XBB.2.11.1		VOC
X	Rekombinant	XBB.2.12		VOC
X	Rekombinant	XBB.2.2		VOC
X	Rekombinant	XBB.2.3		VOC
X	Rekombinant	XBB.2.3.1		VOC
X	Rekombinant	XBB.2.3.10		VOC
X	Rekombinant	XBB.2.3.11		VOC
X	Rekombinant	XBB.2.3.12		VOC
X	Rekombinant	XBB.2.3.13		VOC
X	Rekombinant	XBB.2.3.14		VOC
X	Rekombinant	XBB.2.3.15		VOC
X	Rekombinant	XBB.2.3.16		VOC
X	Rekombinant	XBB.2.3.17		VOC
X	Rekombinant	XBB.2.3.18		VOC
X	Rekombinant	XBB.2.3.19		VOC
X	Rekombinant	XBB.2.3.2		VOC
X	Rekombinant	XBB.2.3.20		VOC
X	Rekombinant	XBB.2.3.21		VOC
X	Rekombinant	XBB.2.3.22		VOC
X	Rekombinant	XBB.2.3.3		VOC
X	Rekombinant	XBB.2.3.4		VOC
X	Rekombinant	XBB.2.3.5		VOC
X	Rekombinant	XBB.2.3.6		VOC
X	Rekombinant	XBB.2.3.7		VOC
X	Rekombinant	XBB.2.3.8		VOC
X	Rekombinant	XBB.2.3.9		VOC
X	Rekombinant	XBB.2.4		VOC
X	Rekombinant	XBB.2.5		VOC
X	Rekombinant	XBB.2.6		VOC
X	Rekombinant	XBB.2.6.1		VOC
X	Rekombinant	XBB.2.6.2		VOC
X	Rekombinant	XBB.2.6.3		VOC
X	Rekombinant	XBB.2.7		VOC
X	Rekombinant	XBB.2.7.1		VOC
X	Rekombinant	XBB.2.8		VOC
X	Rekombinant	XBB.2.9		VOC
X	Rekombinant	XBB.3		VOC
X	Rekombinant	XBB.3.1		VOC
X	Rekombinant	XBB.3.2		VOC
X	Rekombinant	XBB.3.3		VOC
X	Rekombinant	XBB.3.4		VOC
X	Rekombinant	XBB.3.5		VOC
X	Rekombinant	XBB.4		VOC
X	Rekombinant	XBB.4.1		VOC
X	Rekombinant	XBB.5		VOC
X	Rekombinant	XBB.6		VOC
X	Rekombinant	XBB.6.1		VOC
X	Rekombinant	XBB.7		VOC
X	Rekombinant	XBB.8		VOC
X	Rekombinant	XBB.8.1		VOC
X	Rekombinant	XBB.8.2		VOC
X	Rekombinant	XBB.9		VOC
X	Rekombinant	XBC		VOC
X	Rekombinant	XBC.1		VOC
X	Rekombinant	XBC.1.1		VOC
X	Rekombinant	XBC.1.1.1		VOC
X	Rekombinant	XBC.1.1.2		VOC
X	Rekombinant	XBC.1.2		VOC
X	Rekombinant	XBC.1.2.1		VOC
X	Rekombinant	XBC.1.3		VOC
X	Rekombinant	XBC.1.3.1		VOC
X	Rekombinant	XBC.1.4		VOC
X	Rekombinant	XBC.1.5		VOC
X	Rekombinant	XBC.1.6		VOC
X	Rekombinant	XBC.1.6.1		VOC
X	Rekombinant	XBC.1.6.2		VOC
X	Rekombinant	XBC.1.6.3		VOC
X	Rekombinant	XBC.1.6.4		VOC
X	Rekombinant	XBC.1.6.5		VOC
X	Rekombinant	XBC.1.6.6		VOC
X	Rekombinant	XBC.1.7		VOC
X	Rekombinant	XBC.1.7.1		VOC
X	Rekombinant	XBC.1.7.2		VOC
X	Rekombinant	XBC.2		VOC
X	Rekombinant	XBC.2.1		VOC
X	Rekombinant	XBD		VOC
X	Rekombinant	XBE		VOC
X	Rekombinant	XBF		VOC
X	Rekombinant	XBF.1		VOC
X	Rekombinant	XBF.1.1		VOC
X	Rekombinant	XBF.10		VOC
X	Rekombinant	XBF.2		VOC
X	Rekombinant	XBF.3		VOC
X	Rekombinant	XBF.4		VOC
X	Rekombinant	XBF.5		VOC
X	Rekombinant	XBF.6		VOC
X	Rekombinant	XBF.7		VOC
X	Rekombinant	XBF.7.1		VOC
X	Rekombinant	XBF.8		VOC
X	Rekombinant	XBF.8.1		VOC
X	Rekombinant	XBF.9		VOC
X	Rekombinant	XBG		VOC
X	Rekombinant	XBH		VOC
X	Rekombinant	XBJ		VOC
X	Rekombinant	XBJ.1		VOC
X	Rekombinant	XBJ.1.1		VOC
X	Rekombinant	XBJ.2		VOC
X	Rekombinant	XBJ.3		VOC
X	Rekombinant	XBJ.4		VOC
X	Rekombinant	XBK		VOC
X	Rekombinant	XBK.1		VOC
X	Rekombinant	XBL		VOC
X	Rekombinant	XBL.1		VOC
X	Rekombinant	XBL.2		VOC
X	Rekombinant	XBL.3		VOC
X	Rekombinant	XBL.3.1		VOC
X	Rekombinant	XBM		VOC
X	Rekombinant	XBN		VOC
X	Rekombinant	XBP		VOC
X	Rekombinant	XBQ		VOC
X	Rekombinant	XBR		VOC
X	Rekombinant	XBS		VOC
X	Rekombinant	XBT		VOC
X	Rekombinant	XBU		VOC
X	Rekombinant	XBV		VOC
X	Rekombinant	XBW		VOC
X	Rekombinant	XBY		VOC
X	Rekombinant	XBZ		VOC
X	Rekombinant	XC		VOC
X	Rekombinant	XCA		VOC
X	Rekombinant	XCB		VOC
X	Rekombinant	XCC		VOC
X	Rekombinant	XCD		VOC
X	Rekombinant	XCE		VOC
X	Rekombinant	XCF		VOC
X	Rekombinant	XCF.1		VOC
X	Rekombinant	XCF.2		VOC
X	Rekombinant	XCF.3		VOC
X	Rekombinant	XCG		VOC
X	Rekombinant	XCH		VOC
X	Rekombinant	XCH.1		VOC
X	Rekombinant	XCJ		VOC
X	Rekombinant	XCK		VOC
X	Rekombinant	XCL		VOC
X	Rekombinant	XCM		VOC
X	Rekombinant	XCN		VOC
X	Rekombinant	XCP		VOC
X	Rekombinant	XCQ		VOC
X	Rekombinant	XCR		VOC
X	Rekombinant	XCS		VOC
X	Rekombinant	XCT		VOC
X	Rekombinant	XCT.1		VOC
X	Rekombinant	XCU		VOC
X	Rekombinant	XCV		VOC
X	Rekombinant	XCW		VOC
X	Rekombinant	XCY		VOC
X	Rekombinant	XCZ		VOC
X	Rekombinant	XD		VOC
X	Rekombinant	XDA		VOC
X	Rekombinant	XDA.1		VOC
X	Rekombinant	XDB		VOC
X	Rekombinant	XDC		VOC
X	Rekombinant	XDD		VOC
X	Rekombinant	XDD.1		VOC
X	Rekombinant	XDD.1.1		VOC
X	Rekombinant	XDD.1.1.1		VOC
X	Rekombinant	XDD.2		VOC
X	Rekombinant	XDE		VOC
X	Rekombinant	XDF		VOC
X	Rekombinant	XDG		VOC
X	Rekombinant	XDH		VOC
X	Rekombinant	XDJ		VOC
X	Rekombinant	XDK		VOC
X	Rekombinant	XDK.1		VOC
X	Rekombinant	XDK.1.1		VOC
X	Rekombinant	XDK.1.2		VOC
X	Rekombinant	XDK.2		VOC
X	Rekombinant	XDK.3		VOC
X	Rekombinant	XDK.4		VOC
X	Rekombinant	XDK.4.1		VOC
X	Rekombinant	XDK.5		VOC
X	Rekombinant	XDK.6		VOC
X	Rekombinant	XDL		VOC
X	Rekombinant	XDM		VOC
X	Rekombinant	XDN		VOC
X	Rekombinant	XDP		VOC
X	Rekombinant	XDP.1		VOC
X	Rekombinant	XDP.2		VOC
X	Rekombinant	XDP.3		VOC
X	Rekombinant	XDQ		VOC
X	Rekombinant	XDQ.1		VOC
X	Rekombinant	XDQ.1.1		VOC
X	Rekombinant	XDQ.2		VOC
X	Rekombinant	XDQ.3		VOC
X	Rekombinant	XDR		VOC
X	Rekombinant	XDR.1		VOC
X	Rekombinant	XDS		VOC
X	Rekombinant	XDT		VOC
X	Rekombinant	XDU		VOC
X	Rekombinant	XDV		VOC
X	Rekombinant	XDV.1		VOC
X	Rekombinant	XDW		VOC
X	Rekombinant	XDY		VOC
X	Rekombinant	XDZ		VOC
X	Rekombinant	XE		VOC
X	Rekombinant	XEA		VOC
X	Rekombinant	XEB		VOC
X	Rekombinant	XF		VOC
X	Rekombinant	XG		VOC
X	Rekombinant	XH		VOC
X	Rekombinant	XJ		VOC
X	Rekombinant	XK		VOC
X	Rekombinant	XL		VOC
X	Rekombinant	XM		VOC
X	Rekombinant	XN		VOC
X	Rekombinant	XP		VOC
X	Rekombinant	XQ		VOC
X	Rekombinant	XR		VOC
X	Rekombinant	XS		VOC
X	Rekombinant	XT		VOC
X	Rekombinant	XU		VOC
X	Rekombinant	XV		VOC
X	Rekombinant	XW		VOC
X	Rekombinant	XY		VOC
X	Rekombinant	XZ		VOC
BA.2.86	Omikron	BA.2.86		VOI
BA.2.86	Omikron	BA.2.86.1		VOI
BA.2.86	Omikron	BA.2.86.2		VOI
BA.2.86	Omikron	BA.2.86.3		VOI
BA.2.86	Omikron	BA.2.86.4		VOI
BA.2.86	Omikron	BA.2.86.5		VOI
BA.2.86	Omikron	BA.2.86.6		VOI
BA.2.86	Omikron	BA.2.86.7		VOI
BA.2.86	Omikron	JN.10		VOI
BA.2.86	Omikron	JN.11		VOI
BA.2.86	Omikron	JN.11.1		VOI
BA.2.86	Omikron	JN.12		VOI
BA.2.86	Omikron	JN.13		VOI
BA.2.86	Omikron	JN.13.1		VOI
BA.2.86	Omikron	JN.14		VOI
BA.2.86	Omikron	JN.15		VOI
BA.2.86	Omikron	JN.16		VOI
BA.2.86	Omikron	JN.17		VOI
BA.2.86	Omikron	JN.18		VOI
BA.2.86	Omikron	JN.19		VOI
BA.2.86	Omikron	JN.2		VOI
BA.2.86	Omikron	JN.2.1		VOI
BA.2.86	Omikron	JN.2.2		VOI
BA.2.86	Omikron	JN.2.2.1		VOI
BA.2.86	Omikron	JN.2.3		VOI
BA.2.86	Omikron	JN.2.4		VOI
BA.2.86	Omikron	JN.2.5		VOI
BA.2.86	Omikron	JN.3		VOI
BA.2.86	Omikron	JN.3.1		VOI
BA.2.86	Omikron	JN.3.2		VOI
BA.2.86	Omikron	JN.3.2.1		VOI
BA.2.86	Omikron	JN.3.3		VOI
BA.2.86	Omikron	JN.4		VOI
BA.2.86	Omikron	JN.5		VOI
BA.2.86	Omikron	JN.5.1		VOI
BA.2.86	Omikron	JN.6		VOI
BA.2.86	Omikron	JN.7		VOI
BA.2.86	Omikron	JN.8		VOI
BA.2.86	Omikron	JN.9		VOI
BA.2.86	Omikron	JQ.1		VOI
BA.2.86	Omikron	JQ.2		VOI
BA.2.86	Omikron	JQ.2.1		VOI
BA.2.86	Omikron	JQ.2.1.1		VOI
BA.2.86	Omikron	LV.1		VOI
BA.2.86	Omikron	LV.2		VOI
JN.1	Omikron	JN.1		VOI
JN.1	Omikron	JN.1.1		VOI
JN.1	Omikron	JN.1.1.1		VOI
JN.1	Omikron	JN.1.1.10		VOI
JN.1	Omikron	JN.1.1.2		VOI
JN.1	Omikron	JN.1.1.3		VOI
JN.1	Omikron	JN.1.1.4		VOI
JN.1	Omikron	JN.1.1.5		VOI
JN.1	Omikron	JN.1.1.6		VOI
JN.1	Omikron	JN.1.1.7		VOI
JN.1	Omikron	JN.1.1.8		VOI
JN.1	Omikron	JN.1.1.9		VOI
JN.1	Omikron	JN.1.10		VOI
JN.1	Omikron	JN.1.11		VOI
JN.1	Omikron	JN.1.11.1		VOI
JN.1	Omikron	JN.1.12		VOI
JN.1	Omikron	JN.1.13		VOI
JN.1	Omikron	JN.1.13.1		VOI
JN.1	Omikron	JN.1.14		VOI
JN.1	Omikron	JN.1.15		VOI
JN.1	Omikron	JN.1.15.1		VOI
JN.1	Omikron	JN.1.16		VOI
JN.1	Omikron	JN.1.16.1		VOI
JN.1	Omikron	JN.1.16.2		VOI
JN.1	Omikron	JN.1.16.3		VOI
JN.1	Omikron	JN.1.17		VOI
JN.1	Omikron	JN.1.18		VOI
JN.1	Omikron	JN.1.18.1		VOI
JN.1	Omikron	JN.1.18.2		VOI
JN.1	Omikron	JN.1.18.3		VOI
JN.1	Omikron	JN.1.18.4		VOI
JN.1	Omikron	JN.1.18.5		VOI
JN.1	Omikron	JN.1.19		VOI
JN.1	Omikron	JN.1.2		VOI
JN.1	Omikron	JN.1.2.1		VOI
JN.1	Omikron	JN.1.20		VOI
JN.1	Omikron	JN.1.21		VOI
JN.1	Omikron	JN.1.22		VOI
JN.1	Omikron	JN.1.23		VOI
JN.1	Omikron	JN.1.23.1		VOI
JN.1	Omikron	JN.1.24		VOI
JN.1	Omikron	JN.1.24.1		VOI
JN.1	Omikron	JN.1.25		VOI
JN.1	Omikron	JN.1.25.1		VOI
JN.1	Omikron	JN.1.26		VOI
JN.1	Omikron	JN.1.27		VOI
JN.1	Omikron	JN.1.28		VOI
JN.1	Omikron	JN.1.28.1		VOI
JN.1	Omikron	JN.1.29		VOI
JN.1	Omikron	JN.1.29.1		VOI
JN.1	Omikron	JN.1.3		VOI
JN.1	Omikron	JN.1.30		VOI
JN.1	Omikron	JN.1.30.1		VOI
JN.1	Omikron	JN.1.31		VOI
JN.1	Omikron	JN.1.32		VOI
JN.1	Omikron	JN.1.32.1		VOI
JN.1	Omikron	JN.1.34		VOI
JN.1	Omikron	JN.1.35		VOI
JN.1	Omikron	JN.1.36		VOI
JN.1	Omikron	JN.1.36.1		VOI
JN.1	Omikron	JN.1.37		VOI
JN.1	Omikron	JN.1.38		VOI
JN.1	Omikron	JN.1.39		VOI
JN.1	Omikron	JN.1.39.1		VOI
JN.1	Omikron	JN.1.39.2		VOI
JN.1	Omikron	JN.1.39.3		VOI
JN.1	Omikron	JN.1.4		VOI
JN.1	Omikron	JN.1.4.1		VOI
JN.1	Omikron	JN.1.4.2		VOI
JN.1	Omikron	JN.1.4.3		VOI
JN.1	Omikron	JN.1.4.4		VOI
JN.1	Omikron	JN.1.4.5		VOI
JN.1	Omikron	JN.1.4.6		VOI
JN.1	Omikron	JN.1.4.7		VOI
JN.1	Omikron	JN.1.4.8		VOI
JN.1	Omikron	JN.1.40		VOI
JN.1	Omikron	JN.1.41		VOI
JN.1	Omikron	JN.1.42		VOI
JN.1	Omikron	JN.1.42.1		VOI
JN.1	Omikron	JN.1.42.2		VOI
JN.1	Omikron	JN.1.43		VOI
JN.1	Omikron	JN.1.43.1		VOI
JN.1	Omikron	JN.1.44		VOI
JN.1	Omikron	JN.1.44.1		VOI
JN.1	Omikron	JN.1.45		VOI
JN.1	Omikron	JN.1.46		VOI
JN.1	Omikron	JN.1.47		VOI
JN.1	Omikron	JN.1.47.1		VOI
JN.1	Omikron	JN.1.47.2		VOI
JN.1	Omikron	JN.1.48		VOI
JN.1	Omikron	JN.1.48.1		VOI
JN.1	Omikron	JN.1.48.2		VOI
JN.1	Omikron	JN.1.49		VOI
JN.1	Omikron	JN.1.49.1		VOI
JN.1	Omikron	JN.1.49.2		VOI
JN.1	Omikron	JN.1.5		VOI
JN.1	Omikron	JN.1.50		VOI
JN.1	Omikron	JN.1.50.1		VOI
JN.1	Omikron	JN.1.51		VOI
JN.1	Omikron	JN.1.51.1		VOI
JN.1	Omikron	JN.1.52		VOI
JN.1	Omikron	JN.1.53		VOI
JN.1	Omikron	JN.1.53.1		VOI
JN.1	Omikron	JN.1.54		VOI
JN.1	Omikron	JN.1.54.1		VOI
JN.1	Omikron	JN.1.55		VOI
JN.1	Omikron	JN.1.55.1		VOI
JN.1	Omikron	JN.1.55.2		VOI
JN.1	Omikron	JN.1.56		VOI
JN.1	Omikron	JN.1.56.1		VOI
JN.1	Omikron	JN.1.57		VOI
JN.1	Omikron	JN.1.57.1		VOI
JN.1	Omikron	JN.1.58		VOI
JN.1	Omikron	JN.1.58.1		VOI
JN.1	Omikron	JN.1.58.2		VOI
JN.1	Omikron	JN.1.58.3		VOI
JN.1	Omikron	JN.1.59		VOI
JN.1	Omikron	JN.1.6		VOI
JN.1	Omikron	JN.1.6.1		VOI
JN.1	Omikron	JN.1.60		VOI
JN.1	Omikron	JN.1.61		VOI
JN.1	Omikron	JN.1.62		VOI
JN.1	Omikron	JN.1.63		VOI
JN.1	Omikron	JN.1.63.1		VOI
JN.1	Omikron	JN.1.7		VOI
JN.1	Omikron	JN.1.7.1		VOI
JN.1	Omikron	JN.1.7.2		VOI
JN.1	Omikron	JN.1.7.3		VOI
JN.1	Omikron	JN.1.7.4		VOI
JN.1	Omikron	JN.1.7.5		VOI
JN.1	Omikron	JN.1.7.6		VOI
JN.1	Omikron	JN.1.7.7		VOI
JN.1	Omikron	JN.1.8		VOI
JN.1	Omikron	JN.1.8.1		VOI
JN.1	Omikron	JN.1.8.2		VOI
JN.1	Omikron	JN.1.8.3		VOI
JN.1	Omikron	JN.1.8.4		VOI
JN.1	Omikron	JN.1.9		VOI
JN.1	Omikron	JN.1.9.1		VOI
JN.1	Omikron	JN.1.9.2		VOI
JN.1	Omikron	KP.1		VOI
JN.1	Omikron	KP.1.1		VOI
JN.1	Omikron	KP.1.1.1		VOI
JN.1	Omikron	KP.1.1.2		VOI
JN.1	Omikron	KP.1.1.3		VOI
JN.1	Omikron	KP.1.1.4		VOI
JN.1	Omikron	KP.1.1.5		VOI
JN.1	Omikron	KP.1.2		VOI
JN.1	Omikron	KP.2		VOI
JN.1	Omikron	KP.2.1		VOI
JN.1	Omikron	KP.2.10		VOI
JN.1	Omikron	KP.2.11		VOI
JN.1	Omikron	KP.2.12		VOI
JN.1	Omikron	KP.2.13		VOI
JN.1	Omikron	KP.2.14		VOI
JN.1	Omikron	KP.2.15		VOI
JN.1	Omikron	KP.2.16		VOI
JN.1	Omikron	KP.2.2		VOI
JN.1	Omikron	KP.2.3		VOI
JN.1	Omikron	KP.2.3.1		VOI
JN.1	Omikron	KP.2.3.2		VOI
JN.1	Omikron	KP.2.3.3		VOI
JN.1	Omikron	KP.2.4		VOI
JN.1	Omikron	KP.2.5		VOI
JN.1	Omikron	KP.2.6		VOI
JN.1	Omikron	KP.2.7		VOI
JN.1	Omikron	KP.2.8		VOI
JN.1	Omikron	KP.2.9		VOI
JN.1	Omikron	KP.3		VOI
JN.1	Omikron	KP.3.1		VOI
JN.1	Omikron	KP.3.1.1		VOI
JN.1	Omikron	KP.3.1.2		VOI
JN.1	Omikron	KP.3.1.3		VOI
JN.1	Omikron	KP.3.1.4		VOI
JN.1	Omikron	KP.3.1.5		VOI
JN.1	Omikron	KP.3.2		VOI
JN.1	Omikron	KP.3.2.1		VOI
JN.1	Omikron	KP.3.2.2		VOI
JN.1	Omikron	KP.3.2.3		VOI
JN.1	Omikron	KP.3.2.4		VOI
JN.1	Omikron	KP.3.2.5		VOI
JN.1	Omikron	KP.3.3		VOI
JN.1	Omikron	KP.4		VOI
JN.1	Omikron	KP.4.1		VOI
JN.1	Omikron	KP.4.1.1		VOI
JN.1	Omikron	KP.4.1.2		VOI
JN.1	Omikron	KP.4.1.3		VOI
JN.1	Omikron	KP.4.2		VOI
JN.1	Omikron	KP.4.2.1		VOI
JN.1	Omikron	KP.4.2.2		VOI
JN.1	Omikron	KP.5		VOI
JN.1	Omikron	KQ.1		VOI
JN.1	Omikron	KR.1		VOI
JN.1	Omikron	KR.1.1		VOI
JN.1	Omikron	KR.1.2		VOI
JN.1	Omikron	KR.3		VOI
JN.1	Omikron	KR.4		VOI
JN.1	Omikron	KR.5		VOI
JN.1	Omikron	KS.1		VOI
JN.1	Omikron	KS.1.1		VOI
JN.1	Omikron	KS.1.2		VOI
JN.1	Omikron	KU.1		VOI
JN.1	Omikron	KU.2		VOI
JN.1	Omikron	KV.1		VOI
JN.1	Omikron	KV.2		VOI
JN.1	Omikron	KW.1		VOI
JN.1	Omikron	KW.1.1		VOI
JN.1	Omikron	KW.1.1.1		VOI
JN.1	Omikron	KW.1.2		VOI
JN.1	Omikron	KY.1		VOI
JN.1	Omikron	KZ.1		VOI
JN.1	Omikron	KZ.1.1		VOI
JN.1	Omikron	KZ.1.1.1		VOI
JN.1	Omikron	LA.1		VOI
JN.1	Omikron	LA.2		VOI
JN.1	Omikron	LB.1		VOI
JN.1	Omikron	LB.1.1		VOI
JN.1	Omikron	LB.1.2		VOI
JN.1	Omikron	LB.1.2.1		VOI
JN.1	Omikron	LB.1.3		VOI
JN.1	Omikron	LB.1.4		VOI
JN.1	Omikron	LB.1.5		VOI
JN.1	Omikron	LB.1.6		VOI
JN.1	Omikron	LB.1.7		VOI
JN.1	Omikron	LC.1		VOI
JN.1	Omikron	LD.1		VOI
JN.1	Omikron	LE.1		VOI
JN.1	Omikron	LE.1.1		VOI
JN.1	Omikron	LE.1.2		VOI
JN.1	Omikron	LE.1.3		VOI
JN.1	Omikron	LE.1.3.1		VOI
JN.1	Omikron	LE.2		VOI
JN.1	Omikron	LF.1		VOI
JN.1	Omikron	LF.1.1		VOI
JN.1	Omikron	LF.1.1.1		VOI
JN.1	Omikron	LF.2		VOI
JN.1	Omikron	LF.3		VOI
JN.1	Omikron	LF.3.1		VOI
JN.1	Omikron	LG.1		VOI
JN.1	Omikron	LH.1		VOI
JN.1	Omikron	LH.2		VOI
JN.1	Omikron	LJ.1		VOI
JN.1	Omikron	LK.1		VOI
JN.1	Omikron	LL.1		VOI
JN.1	Omikron	LM.1		VOI
JN.1	Omikron	LN.1		VOI
JN.1	Omikron	LN.1.1		VOI
JN.1	Omikron	LP.1		VOI
JN.1	Omikron	LP.2		VOI
JN.1	Omikron	LP.3		VOI
JN.1	Omikron	LQ.1		VOI
JN.1	Omikron	LQ.1.1		VOI
JN.1	Omikron	LQ.2		VOI
JN.1	Omikron	LQ.3		VOI
JN.1	Omikron	LR.1		VOI
JN.1	Omikron	LR.2		VOI
JN.1	Omikron	LS.1		VOI
JN.1	Omikron	LT.1		VOI
JN.1	Omikron	LU.1		VOI
JN.1	Omikron	LW.1		VOI
